# ID(s) interactor A	ID(s) interactor B	Alt. ID(s) interactor A	Alt. ID(s) interactor B	Alias(es) interactor A	Alias(es) interactor B	Interaction detection method(s)	Publication 1st author(s)	Publication Identifier(s)	Taxid interactor A	Taxid interactor B	Interaction type(s)	Source database(s)	Interaction identifier(s)	Confidence value(s)	Expansion method(s)	Biological role(s) interactor A	Biological role(s) interactor B	Experimental role(s) interactor A	Experimental role(s) interactor B	Type(s) interactor A	Type(s) interactor B	Xref(s) interactor A	Xref(s) interactor B	Interaction Xref(s)	Annotation(s) interactor A	Annotation(s) interactor B	Interaction annotation(s)	Host organism(s)	Interaction parameter(s)	Creation date	Update date	Checksum(s) interactor A	Checksum(s) interactor B	Interaction Checksum(s)	Negative	Feature(s) interactor A	Feature(s) interactor B	Stoichiometry(s) interactor A	Stoichiometry(s) interactor B	Identification method participant A	Identification method participant B
uniprotkb:Q8VIH1	entrez:18999	-	-	uniprotkb:NOBOX_MOUSE	entrez:Pou5f1	psi-mi:"MI:0413"(electrophoretic mobility shift assay)	-	pubmed:16997917	taxid:10090(mouse)	taxid:10090(mouse)	psi-mi:"MI:0915"(physical association)	psi-mi:"MI:1264"(ntnu)	-	-	-	psi-mi:"MI:0499"(unspecified role)	psi-mi:"MI:0499"(unspecified role)	psi-mi:"MI:0498"(prey)	psi-mi:"MI:0496"(bait)	psi-mi:"MI:0326"(protein)	psi-mi:"MI:0319"(deoxyribonucleic acid)	-	-	-	-	-	figure legend:6A	taxid:-1(in vitro)|taxid:-1(In vitro)	-	-	-	-	-	-	-	glutathione s tranferase tag:?-?	32p radiolabel:?-?	0	0	psi-mi:"MI:0833"(autoradiography)	psi-mi:"MI:0833"(autoradiography)
uniprotkb:Q8VIH1	entrez:18999	-	-	uniprotkb:NOBOX_MOUSE	entrez:Pou5f1	psi-mi:"MI:0412"(electrophoretic mobility supershift assay)	-	pubmed:16997917	taxid:10090(mouse)	taxid:10090(mouse)	psi-mi:"MI:0915"(physical association)	psi-mi:"MI:1264"(ntnu)	-	-	-	psi-mi:"MI:0499"(unspecified role)	psi-mi:"MI:0499"(unspecified role)	psi-mi:"MI:0498"(prey)	psi-mi:"MI:0496"(bait)	psi-mi:"MI:0326"(protein)	psi-mi:"MI:0319"(deoxyribonucleic acid)	-	-	-	-	-	figure legend:6B	taxid:-1(in vitro)|taxid:-1(In vitro)	-	-	-	-	-	-	-	glutathione s tranferase tag:?-?	32p radiolabel:?-?	0	0	psi-mi:"MI:0421"(identification by antibody)	psi-mi:"MI:0833"(autoradiography)
uniprotkb:Q8VIH1	entrez:14566	-	-	uniprotkb:NOBOX_MOUSE	entrez:Gdf9	psi-mi:"MI:0412"(electrophoretic mobility supershift assay)	-	pubmed:16997917	taxid:10090(mouse)	taxid:10090(mouse)	psi-mi:"MI:0915"(physical association)	psi-mi:"MI:1264"(ntnu)	-	-	-	psi-mi:"MI:0499"(unspecified role)	psi-mi:"MI:0499"(unspecified role)	psi-mi:"MI:0498"(prey)	psi-mi:"MI:0496"(bait)	psi-mi:"MI:0326"(protein)	psi-mi:"MI:0319"(deoxyribonucleic acid)	-	-	-	-	-	figure legend:6D	taxid:-1(in vitro)|taxid:-1(In vitro)	-	-	-	-	-	-	-	glutathione s tranferase tag:?-?	32p radiolabel:?-?	0	0	psi-mi:"MI:0421"(identification by antibody)	psi-mi:"MI:0833"(autoradiography)
uniprotkb:Q8VIH1	entrez:14566	-	-	uniprotkb:NOBOX_MOUSE	entrez:Gdf9	psi-mi:"MI:0413"(electrophoretic mobility shift assay)	-	pubmed:16997917	taxid:10090(mouse)	taxid:10090(mouse)	psi-mi:"MI:0915"(physical association)	psi-mi:"MI:1264"(ntnu)	-	-	-	psi-mi:"MI:0499"(unspecified role)	psi-mi:"MI:0499"(unspecified role)	psi-mi:"MI:0498"(prey)	psi-mi:"MI:0496"(bait)	psi-mi:"MI:0326"(protein)	psi-mi:"MI:0319"(deoxyribonucleic acid)	-	-	-	-	-	figure legend:6C	taxid:-1(in vitro)|taxid:-1(In vitro)	-	-	-	-	-	-	-	glutathione s tranferase tag:?-?	32p radiolabel:?-?	0	0	psi-mi:"MI:0833"(autoradiography)	psi-mi:"MI:0833"(autoradiography)
uniprotkb:Q05925	entrez:7402	-	-	uniprotkb:HME1_HUMAN	entrez:UTRN	psi-mi:"MI:0412"(electrophoretic mobility supershift assay)	-	pubmed:21672318	taxid:9606(human)	taxid:9606(human)	psi-mi:"MI:0915"(physical association)	psi-mi:"MI:1264"(ntnu)	-	-	-	psi-mi:"MI:0499"(unspecified role)	psi-mi:"MI:0499"(unspecified role)	psi-mi:"MI:0498"(prey)	psi-mi:"MI:0496"(bait)	psi-mi:"MI:0326"(protein)	psi-mi:"MI:0319"(deoxyribonucleic acid)	-	-	-	-	-	figure legend:3	taxid:-1(in vitro)|taxid:-1(In vitro)	-	-	-	-	-	-	-	-	32p radiolabel:?-?	0	0	psi-mi:"MI:0421"(identification by antibody)	psi-mi:"MI:0833"(autoradiography)
uniprotkb:Q05925	entrez:7402	-	-	uniprotkb:HME1_HUMAN	entrez:UTRN	psi-mi:"MI:0402"(chromatin immunoprecipitation assay)	-	pubmed:21672318	taxid:9606(human)	taxid:9606(human)	psi-mi:"MI:0914"(association)	psi-mi:"MI:1264"(ntnu)	-	-	-	psi-mi:"MI:0499"(unspecified role)	psi-mi:"MI:0499"(unspecified role)	psi-mi:"MI:0496"(bait)	psi-mi:"MI:0498"(prey)	psi-mi:"MI:0326"(protein)	psi-mi:"MI:0250"(gene)	-	-	-	-	-	figure legend:2	taxid:9606(RD cell)	-	-	-	-	-	-	-	-	-	0	0	psi-mi:"MI:0421"(identification by antibody)	psi-mi:"MI:0088"(primer specific pcr)
uniprotkb:Q05925	entrez:7402	-	-	uniprotkb:HME1_HUMAN	entrez:UTRN	psi-mi:"MI:0402"(chromatin immunoprecipitation assay)	-	pubmed:21672318	taxid:9606(human)	taxid:9606(human)	psi-mi:"MI:0914"(association)	psi-mi:"MI:1264"(ntnu)	-	-	-	psi-mi:"MI:0499"(unspecified role)	psi-mi:"MI:0499"(unspecified role)	psi-mi:"MI:0496"(bait)	psi-mi:"MI:0498"(prey)	psi-mi:"MI:0326"(protein)	psi-mi:"MI:0250"(gene)	-	-	-	-	-	figure legend:2	taxid:9606(HeLa cell)	-	-	-	-	-	-	-	-	-	0	0	psi-mi:"MI:0421"(identification by antibody)	psi-mi:"MI:0088"(primer specific pcr)
uniprotkb:P48986	entrez:14432	-	-	uniprotkb:NDF6_MOUSE	entrez:Gap43	psi-mi:"MI:0413"(electrophoretic mobility shift assay)	-	pubmed:12562512	taxid:10090(mouse)	taxid:10090(mouse)	psi-mi:"MI:0915"(physical association)	psi-mi:"MI:1264"(ntnu)	-	-	-	psi-mi:"MI:0499"(unspecified role)	psi-mi:"MI:0499"(unspecified role)	psi-mi:"MI:0498"(prey)	psi-mi:"MI:0496"(bait)	psi-mi:"MI:0326"(protein)	psi-mi:"MI:0319"(deoxyribonucleic acid)	-	-	-	-	-	figure legend:3	taxid:-1(in vitro)|taxid:-1(In vitro)	-	-	-	-	-	-	-	his tag:?-?	32p radiolabel:?-?	0	0	psi-mi:"MI:0833"(autoradiography)	psi-mi:"MI:0833"(autoradiography)
uniprotkb:Q04206	entrez:652	-	-	uniprotkb:TF65_HUMAN	entrez:BMP4	psi-mi:"MI:0412"(electrophoretic mobility supershift assay)	-	pubmed:17350185	taxid:9606(human)	taxid:9606(human)	psi-mi:"MI:0915"(physical association)	psi-mi:"MI:1264"(ntnu)	-	-	-	psi-mi:"MI:0499"(unspecified role)	psi-mi:"MI:0499"(unspecified role)	psi-mi:"MI:0498"(prey)	psi-mi:"MI:0496"(bait)	psi-mi:"MI:0326"(protein)	psi-mi:"MI:0319"(deoxyribonucleic acid)	-	-	-	-	-	figure legend:8B	taxid:-1(in vitro)|taxid:-1(In vitro)	-	-	-	-	-	-	-	-	32p radiolabel:?-?	0	0	psi-mi:"MI:0421"(identification by antibody)	psi-mi:"MI:0833"(autoradiography)
uniprotkb:Q04206	entrez:652	-	-	uniprotkb:TF65_HUMAN	entrez:BMP4	psi-mi:"MI:0413"(electrophoretic mobility shift assay)	-	pubmed:17350185	taxid:9606(human)	taxid:9606(human)	psi-mi:"MI:0915"(physical association)	psi-mi:"MI:1264"(ntnu)	-	-	-	psi-mi:"MI:0499"(unspecified role)	psi-mi:"MI:0499"(unspecified role)	psi-mi:"MI:0498"(prey)	psi-mi:"MI:0496"(bait)	psi-mi:"MI:0326"(protein)	psi-mi:"MI:0319"(deoxyribonucleic acid)	-	-	-	-	-	figure legend:8B	taxid:-1(in vitro)|taxid:-1(In vitro)	-	-	-	-	-	-	-	-	32p radiolabel:?-?	0	0	psi-mi:"MI:0833"(autoradiography)	psi-mi:"MI:0833"(autoradiography)
uniprotkb:Q6IUP1	entrez:16590	-	-	uniprotkb:SOLH1_MOUSE	entrez:Kit	psi-mi:"MI:0412"(electrophoretic mobility supershift assay)	-	pubmed:22328502	taxid:10090(mouse)	taxid:10090(mouse)	psi-mi:"MI:0915"(physical association)	psi-mi:"MI:1264"(ntnu)	-	-	-	psi-mi:"MI:0499"(unspecified role)	psi-mi:"MI:0499"(unspecified role)	psi-mi:"MI:0498"(prey)	psi-mi:"MI:0496"(bait)	psi-mi:"MI:0326"(protein)	psi-mi:"MI:0319"(deoxyribonucleic acid)	-	-	-	-	-	-	taxid:-1(in vitro)|taxid:-1(In vitro)	-	-	-	-	-	-	-	-	32p radiolabel:?-?	0	0	psi-mi:"MI:0421"(identification by antibody)	psi-mi:"MI:0833"(autoradiography)
uniprotkb:Q9D489	entrez:16590	-	-	uniprotkb:SOLH2_MOUSE	entrez:Kit	psi-mi:"MI:0413"(electrophoretic mobility shift assay)	-	pubmed:22328502	taxid:10090(mouse)	taxid:10090(mouse)	psi-mi:"MI:0915"(physical association)	psi-mi:"MI:1264"(ntnu)	-	-	-	psi-mi:"MI:0499"(unspecified role)	psi-mi:"MI:0499"(unspecified role)	psi-mi:"MI:0498"(prey)	psi-mi:"MI:0496"(bait)	psi-mi:"MI:0326"(protein)	psi-mi:"MI:0319"(deoxyribonucleic acid)	-	-	-	-	-	figure legend:5A	taxid:-1(in vitro)|taxid:-1(In vitro)	-	-	-	-	-	-	-	-	32p radiolabel:?-?	0	0	psi-mi:"MI:0833"(autoradiography)	psi-mi:"MI:0833"(autoradiography)
uniprotkb:Q6IUP1	entrez:16590	-	-	uniprotkb:SOLH1_MOUSE	entrez:Kit	psi-mi:"MI:0413"(electrophoretic mobility shift assay)	-	pubmed:22328502	taxid:10090(mouse)	taxid:10090(mouse)	psi-mi:"MI:0915"(physical association)	psi-mi:"MI:1264"(ntnu)	-	-	-	psi-mi:"MI:0499"(unspecified role)	psi-mi:"MI:0499"(unspecified role)	psi-mi:"MI:0498"(prey)	psi-mi:"MI:0496"(bait)	psi-mi:"MI:0326"(protein)	psi-mi:"MI:0319"(deoxyribonucleic acid)	-	-	-	-	-	figure legend:5A	taxid:-1(in vitro)|taxid:-1(In vitro)	-	-	-	-	-	-	-	-	32p radiolabel:?-?	0	0	psi-mi:"MI:0833"(autoradiography)	psi-mi:"MI:0833"(autoradiography)
uniprotkb:P31266	entrez:6591	-	-	uniprotkb:SUH_MOUSE	entrez:SNAI2	psi-mi:"MI:0412"(electrophoretic mobility supershift assay)	-	pubmed:18663143	taxid:10090(mouse)	taxid:9606(human)	psi-mi:"MI:0915"(physical association)	psi-mi:"MI:1264"(ntnu)	-	-	-	psi-mi:"MI:0499"(unspecified role)	psi-mi:"MI:0499"(unspecified role)	psi-mi:"MI:0498"(prey)	psi-mi:"MI:0496"(bait)	psi-mi:"MI:0326"(protein)	psi-mi:"MI:0319"(deoxyribonucleic acid)	-	-	-	-	-	figure legend:5F	taxid:-1(in vitro)|taxid:-1(In vitro)	-	-	-	-	-	-	-	-	32p radiolabel:?-?	0	0	psi-mi:"MI:0421"(identification by antibody)	psi-mi:"MI:0833"(autoradiography)
uniprotkb:P31266	entrez:6591	-	-	uniprotkb:SUH_MOUSE	entrez:SNAI2	psi-mi:"MI:0413"(electrophoretic mobility shift assay)	-	pubmed:18663143	taxid:10090(mouse)	taxid:9606(human)	psi-mi:"MI:0915"(physical association)	psi-mi:"MI:1264"(ntnu)	-	-	-	psi-mi:"MI:0499"(unspecified role)	psi-mi:"MI:0499"(unspecified role)	psi-mi:"MI:0498"(prey)	psi-mi:"MI:0496"(bait)	psi-mi:"MI:0326"(protein)	psi-mi:"MI:0319"(deoxyribonucleic acid)	-	-	-	-	-	figure legend:5F	taxid:-1(in vitro)|taxid:-1(In vitro)	-	-	-	-	-	-	-	-	32p radiolabel:?-?	0	0	psi-mi:"MI:0833"(autoradiography)	psi-mi:"MI:0833"(autoradiography)
uniprotkb:Q00653	entrez:14972	-	-	uniprotkb:NFKB2_HUMAN	entrez:H2-K1	psi-mi:"MI:0412"(electrophoretic mobility supershift assay)	-	pubmed:8360178	taxid:9606(human)	taxid:10090(mouse)	psi-mi:"MI:0915"(physical association)	psi-mi:"MI:1264"(ntnu)	-	-	-	psi-mi:"MI:0499"(unspecified role)	psi-mi:"MI:0499"(unspecified role)	psi-mi:"MI:0498"(prey)	psi-mi:"MI:0496"(bait)	psi-mi:"MI:0326"(protein)	psi-mi:"MI:0319"(deoxyribonucleic acid)	-	-	-	-	-	figure legend:7A	taxid:-1(in vitro)|taxid:-1(In vitro)	-	-	-	-	-	-	-	-	32p radiolabel:?-?	0	0	psi-mi:"MI:0421"(identification by antibody)	psi-mi:"MI:0833"(autoradiography)
uniprotkb:O15522	entrez:174	-	-	uniprotkb:NKX28_HUMAN	entrez:AFP	psi-mi:"MI:0413"(electrophoretic mobility shift assay)	-	pubmed:12167706	taxid:9606(human)	taxid:9606(human)	psi-mi:"MI:0915"(physical association)	psi-mi:"MI:1264"(ntnu)	-	-	-	psi-mi:"MI:0499"(unspecified role)	psi-mi:"MI:0499"(unspecified role)	psi-mi:"MI:0498"(prey)	psi-mi:"MI:0496"(bait)	psi-mi:"MI:0326"(protein)	psi-mi:"MI:0319"(deoxyribonucleic acid)	-	-	-	-	-	figure legend:1	taxid:-1(in vitro)|taxid:-1(In vitro)	-	-	-	-	-	-	-	ha tag:?-?	32p radiolabel:?-?	0	0	psi-mi:"MI:0833"(autoradiography)	psi-mi:"MI:0833"(autoradiography)
uniprotkb:P23441	entrez:24826	-	-	uniprotkb:NKX21_RAT	entrez:Tg	psi-mi:"MI:0413"(electrophoretic mobility shift assay)	-	pubmed:1976511	taxid:10116(rat)	taxid:10116(rat)	psi-mi:"MI:0407"(direct interaction)	psi-mi:"MI:1264"(ntnu)	-	-	-	psi-mi:"MI:0499"(unspecified role)	psi-mi:"MI:0499"(unspecified role)	psi-mi:"MI:0498"(prey)	psi-mi:"MI:0496"(bait)	psi-mi:"MI:0326"(protein)	psi-mi:"MI:0319"(deoxyribonucleic acid)	-	-	-	-	-	figure legend:2C	taxid:-1(in vitro)|taxid:-1(In vitro)	-	-	-	-	-	-	-	-	32p radiolabel:?-?	0	0	psi-mi:"MI:0833"(autoradiography)	psi-mi:"MI:0833"(autoradiography)
uniprotkb:Q12986	entrez:3122	-	-	uniprotkb:NFX1_HUMAN	entrez:HLA-DRA	psi-mi:"MI:0413"(electrophoretic mobility shift assay)	-	pubmed:7964459	taxid:9606(human)	taxid:9606(human)	psi-mi:"MI:0915"(physical association)	psi-mi:"MI:1264"(ntnu)	-	-	-	psi-mi:"MI:0499"(unspecified role)	psi-mi:"MI:0499"(unspecified role)	psi-mi:"MI:0498"(prey)	psi-mi:"MI:0496"(bait)	psi-mi:"MI:0326"(protein)	psi-mi:"MI:0319"(deoxyribonucleic acid)	-	-	-	-	-	figure legend:4A	taxid:-1(in vitro)|taxid:-1(In vitro)	-	-	-	-	-	-	-	-	32p radiolabel:?-?	0	0	psi-mi:"MI:0833"(autoradiography)	psi-mi:"MI:0833"(autoradiography)
uniprotkb:Q62233	entrez:18508	-	-	uniprotkb:SIX3_MOUSE	entrez:Pax6	psi-mi:"MI:0413"(electrophoretic mobility shift assay)	-	pubmed:17066077	taxid:10090(mouse)	taxid:10090(mouse)	psi-mi:"MI:0915"(physical association)	psi-mi:"MI:1264"(ntnu)	-	-	-	psi-mi:"MI:0499"(unspecified role)	psi-mi:"MI:0499"(unspecified role)	psi-mi:"MI:0498"(prey)	psi-mi:"MI:0496"(bait)	psi-mi:"MI:0326"(protein)	psi-mi:"MI:0319"(deoxyribonucleic acid)	-	-	-	-	-	figure legend:7A	taxid:-1(in vitro)|taxid:-1(In vitro)	-	-	-	-	-	-	-	glutathione s tranferase tag:?-?	32p radiolabel:?-?	0	0	psi-mi:"MI:0833"(autoradiography)	psi-mi:"MI:0833"(autoradiography)
uniprotkb:Q62233	entrez:18508	-	-	uniprotkb:SIX3_MOUSE	entrez:Pax6	psi-mi:"MI:0412"(electrophoretic mobility supershift assay)	-	pubmed:17066077	taxid:10090(mouse)	taxid:10090(mouse)	psi-mi:"MI:0915"(physical association)	psi-mi:"MI:1264"(ntnu)	-	-	-	psi-mi:"MI:0499"(unspecified role)	psi-mi:"MI:0499"(unspecified role)	psi-mi:"MI:0498"(prey)	psi-mi:"MI:0496"(bait)	psi-mi:"MI:0326"(protein)	psi-mi:"MI:0319"(deoxyribonucleic acid)	-	-	-	-	-	figure legend:7A	taxid:-1(in vitro)|taxid:-1(In vitro)	-	-	-	-	-	-	-	glutathione s tranferase tag:?-?	32p radiolabel:?-?	0	0	psi-mi:"MI:0421"(identification by antibody)	psi-mi:"MI:0833"(autoradiography)
uniprotkb:Q62233	entrez:20674	-	-	uniprotkb:SIX3_MOUSE	entrez:Sox2	psi-mi:"MI:0412"(electrophoretic mobility supershift assay)	-	pubmed:17066077	taxid:10090(mouse)	taxid:10090(mouse)	psi-mi:"MI:0915"(physical association)	psi-mi:"MI:1264"(ntnu)	-	-	-	psi-mi:"MI:0499"(unspecified role)	psi-mi:"MI:0499"(unspecified role)	psi-mi:"MI:0498"(prey)	psi-mi:"MI:0496"(bait)	psi-mi:"MI:0326"(protein)	psi-mi:"MI:0319"(deoxyribonucleic acid)	-	-	-	-	-	figure legend:7A	taxid:-1(in vitro)|taxid:-1(In vitro)	-	-	-	-	-	-	-	glutathione s tranferase tag:?-?	32p radiolabel:?-?	0	0	psi-mi:"MI:0421"(identification by antibody)	psi-mi:"MI:0833"(autoradiography)
uniprotkb:P40645	entrez:15135	-	-	uniprotkb:SOX6_MOUSE	entrez:Hbb-y	psi-mi:"MI:0412"(electrophoretic mobility supershift assay)	-	pubmed:16462943	taxid:10090(mouse)	taxid:10090(mouse)	psi-mi:"MI:0407"(direct interaction)	psi-mi:"MI:1264"(ntnu)	-	-	-	psi-mi:"MI:0499"(unspecified role)	psi-mi:"MI:0499"(unspecified role)	psi-mi:"MI:0498"(prey)	psi-mi:"MI:0496"(bait)	psi-mi:"MI:0326"(protein)	psi-mi:"MI:0319"(deoxyribonucleic acid)	-	-	-	-	-	figure legend:3C	taxid:-1(in vitro)|taxid:-1(In vitro)	-	-	-	-	-	-	-	ha tag:?-?	32p radiolabel:?-?	0	0	psi-mi:"MI:0421"(identification by antibody)	psi-mi:"MI:0833"(autoradiography)
uniprotkb:O14978	entrez:3169	-	-	uniprotkb:ZN263_HUMAN	entrez:FOXA1	psi-mi:"MI:0402"(chromatin immunoprecipitation assay)	-	pubmed:19887448	taxid:9606(human)	taxid:9606(human)	psi-mi:"MI:0914"(association)	psi-mi:"MI:1264"(ntnu)	-	-	-	psi-mi:"MI:0499"(unspecified role)	psi-mi:"MI:0499"(unspecified role)	psi-mi:"MI:0496"(bait)	psi-mi:"MI:0498"(prey)	psi-mi:"MI:0326"(protein)	psi-mi:"MI:0250"(gene)	-	-	-	-	-	figure legend:7E	taxid:9606(K-562 cell)	-	-	-	-	-	-	-	-	-	0	0	psi-mi:"MI:0421"(identification by antibody)	psi-mi:"MI:0088"(primer specific pcr)
uniprotkb:P28324	entrez:2353	-	-	uniprotkb:ELK4_HUMAN	entrez:FOS	psi-mi:"MI:0114"(x-ray crystallography)	-	pubmed:11846562	taxid:9606(human)	taxid:9606(human)	psi-mi:"MI:0407"(direct interaction)	psi-mi:"MI:1264"(ntnu)	-	-	-	psi-mi:"MI:0499"(unspecified role)	psi-mi:"MI:0499"(unspecified role)	psi-mi:"MI:0499"(unspecified role)	psi-mi:"MI:0499"(unspecified role)	psi-mi:"MI:0326"(protein)	psi-mi:"MI:0319"(deoxyribonucleic acid)	-	-	-	-	-	figure legend:2	taxid:-1(in vitro)|taxid:-1(In vitro)	-	-	-	-	-	-	-	-	-	0	0	-	-
uniprotkb:P53784	entrez:26423	-	-	uniprotkb:SOX3_MOUSE	entrez:Nr5a1	psi-mi:"MI:0413"(electrophoretic mobility shift assay)	-	pubmed:11875113	taxid:10090(mouse)	taxid:10090(mouse)	psi-mi:"MI:0407"(direct interaction)	psi-mi:"MI:1264"(ntnu)	-	-	-	psi-mi:"MI:0499"(unspecified role)	psi-mi:"MI:0499"(unspecified role)	psi-mi:"MI:0498"(prey)	psi-mi:"MI:0496"(bait)	psi-mi:"MI:0326"(protein)	psi-mi:"MI:0319"(deoxyribonucleic acid)	-	-	-	-	-	figure legend:3B	taxid:-1(in vitro)|taxid:-1(In vitro)	-	-	-	-	-	-	-	-	32p radiolabel:?-?	0	0	psi-mi:"MI:0833"(autoradiography)	psi-mi:"MI:0833"(autoradiography)
uniprotkb:Q02086	entrez:13026	-	-	uniprotkb:SP2_HUMAN	entrez:Pcyt1a	psi-mi:"MI:0412"(electrophoretic mobility supershift assay)	-	pubmed:10744779	taxid:9606(human)	taxid:10090(mouse)	psi-mi:"MI:0915"(physical association)	psi-mi:"MI:1264"(ntnu)	-	-	-	psi-mi:"MI:0499"(unspecified role)	psi-mi:"MI:0499"(unspecified role)	psi-mi:"MI:0498"(prey)	psi-mi:"MI:0496"(bait)	psi-mi:"MI:0326"(protein)	psi-mi:"MI:0319"(deoxyribonucleic acid)	-	-	-	-	-	figure legend:2C	taxid:-1(in vitro)|taxid:-1(In vitro)	-	-	-	-	-	-	-	-	32p radiolabel:?-?	0	0	psi-mi:"MI:0421"(identification by antibody)	psi-mi:"MI:0833"(autoradiography)
uniprotkb:Q02591	entrez:14836	-	-	uniprotkb:GSC_MOUSE	entrez:Gsc	psi-mi:"MI:0413"(electrophoretic mobility shift assay)	-	pubmed:9417125	taxid:10090(mouse)	taxid:10090(mouse)	psi-mi:"MI:0407"(direct interaction)	psi-mi:"MI:1264"(ntnu)	-	-	-	psi-mi:"MI:0499"(unspecified role)	psi-mi:"MI:0499"(unspecified role)	psi-mi:"MI:0498"(prey)	psi-mi:"MI:0496"(bait)	psi-mi:"MI:0326"(protein)	psi-mi:"MI:0319"(deoxyribonucleic acid)	-	-	-	-	-	figure legend:3	taxid:-1(in vitro)|taxid:-1(In vitro)	-	-	-	-	-	-	-	-	32p radiolabel:?-?	0	0	psi-mi:"MI:0833"(autoradiography)	psi-mi:"MI:0833"(autoradiography)
uniprotkb:P14651	entrez:25628	-	-	uniprotkb:HXB3_HUMAN	entrez:Nkx2-1	psi-mi:"MI:0412"(electrophoretic mobility supershift assay)	-	pubmed:7913891	taxid:9606(human)	taxid:10116(rat)	psi-mi:"MI:0915"(physical association)	psi-mi:"MI:1264"(ntnu)	-	-	-	psi-mi:"MI:0499"(unspecified role)	psi-mi:"MI:0499"(unspecified role)	psi-mi:"MI:0498"(prey)	psi-mi:"MI:0496"(bait)	psi-mi:"MI:0326"(protein)	psi-mi:"MI:0319"(deoxyribonucleic acid)	-	-	-	-	-	figure legend:9	taxid:-1(in vitro)|taxid:-1(In vitro)	-	-	-	-	-	-	-	-	32p radiolabel:?-?	0	0	psi-mi:"MI:0421"(identification by antibody)	psi-mi:"MI:0833"(autoradiography)
uniprotkb:Q01892	entrez:111519	-	-	uniprotkb:SPIB_HUMAN	entrez:Igl	psi-mi:"MI:0413"(electrophoretic mobility shift assay)	-	pubmed:10196196	taxid:9606(human)	taxid:10090(mouse)	psi-mi:"MI:0407"(direct interaction)	psi-mi:"MI:1264"(ntnu)	-	-	-	psi-mi:"MI:0499"(unspecified role)	psi-mi:"MI:0499"(unspecified role)	psi-mi:"MI:0498"(prey)	psi-mi:"MI:0496"(bait)	psi-mi:"MI:0326"(protein)	psi-mi:"MI:0319"(deoxyribonucleic acid)	-	-	-	-	-	figure legend:4C	taxid:-1(in vitro)|taxid:-1(In vitro)	-	-	-	-	-	-	-	-	32p radiolabel:?-?	0	0	psi-mi:"MI:0833"(autoradiography)	psi-mi:"MI:0833"(autoradiography)
uniprotkb:Q01892	entrez:111519	-	-	uniprotkb:SPIB_HUMAN	entrez:Igl	psi-mi:"MI:0413"(electrophoretic mobility shift assay)	-	pubmed:10196196	taxid:9606(human)	taxid:10090(mouse)	psi-mi:"MI:0915"(physical association)	psi-mi:"MI:1264"(ntnu)	-	-	-	psi-mi:"MI:0499"(unspecified role)	psi-mi:"MI:0499"(unspecified role)	psi-mi:"MI:0498"(prey)	psi-mi:"MI:0496"(bait)	psi-mi:"MI:0326"(protein)	psi-mi:"MI:0319"(deoxyribonucleic acid)	-	-	-	-	-	figure legend:4B	taxid:-1(in vitro)|taxid:-1(In vitro)	-	-	-	-	-	-	-	-	32p radiolabel:?-?	0	0	psi-mi:"MI:0833"(autoradiography)	psi-mi:"MI:0833"(autoradiography)
uniprotkb:Q9Y5X4	entrez:10002	-	-	uniprotkb:NR2E3_HUMAN	entrez:NR2E3	psi-mi:"MI:0412"(electrophoretic mobility supershift assay)	-	pubmed:10220376	taxid:9606(human)	taxid:9606(human)	psi-mi:"MI:0915"(physical association)	psi-mi:"MI:1264"(ntnu)	-	-	-	psi-mi:"MI:0499"(unspecified role)	psi-mi:"MI:0499"(unspecified role)	psi-mi:"MI:0498"(prey)	psi-mi:"MI:0496"(bait)	psi-mi:"MI:0326"(protein)	psi-mi:"MI:0319"(deoxyribonucleic acid)	-	-	-	-	-	figure legend:2B	taxid:-1(in vitro)|taxid:-1(In vitro)	-	-	-	-	-	-	-	-	32p radiolabel:?-?	0	0	psi-mi:"MI:0421"(identification by antibody)	psi-mi:"MI:0833"(autoradiography)
uniprotkb:P49116	entrez:3973	-	-	uniprotkb:NR2C2_HUMAN	entrez:LHCGR	psi-mi:"MI:0412"(electrophoretic mobility supershift assay)	-	pubmed:10644740	taxid:9606(human)	taxid:9606(human)	psi-mi:"MI:0407"(direct interaction)	psi-mi:"MI:1264"(ntnu)	-	-	-	psi-mi:"MI:0499"(unspecified role)	psi-mi:"MI:0499"(unspecified role)	psi-mi:"MI:0498"(prey)	psi-mi:"MI:0496"(bait)	psi-mi:"MI:0326"(protein)	psi-mi:"MI:0319"(deoxyribonucleic acid)	-	-	-	-	-	figure legend:3C	taxid:-1(in vitro)|taxid:-1(In vitro)	-	-	-	-	-	-	-	-	32p radiolabel:?-?	0	0	psi-mi:"MI:0421"(identification by antibody)	psi-mi:"MI:0833"(autoradiography)
uniprotkb:Q9UBR4	entrez:2488	-	-	uniprotkb:LHX3_HUMAN	entrez:FSHB	psi-mi:"MI:0412"(electrophoretic mobility supershift assay)	-	pubmed:15271874	taxid:9606(human)	taxid:9606(human)	psi-mi:"MI:0915"(physical association)	psi-mi:"MI:1264"(ntnu)	-	-	-	psi-mi:"MI:0499"(unspecified role)	psi-mi:"MI:0499"(unspecified role)	psi-mi:"MI:0498"(prey)	psi-mi:"MI:0496"(bait)	psi-mi:"MI:0326"(protein)	psi-mi:"MI:0319"(deoxyribonucleic acid)	-	-	-	-	-	figure legend:6A	taxid:-1(in vitro)|taxid:-1(In vitro)	-	-	-	-	-	-	-	-	32p radiolabel:?-?	0	0	psi-mi:"MI:0421"(identification by antibody)	psi-mi:"MI:0833"(autoradiography)
uniprotkb:P42226	entrez:3659	-	-	uniprotkb:STAT6_HUMAN	entrez:IRF1	psi-mi:"MI:0412"(electrophoretic mobility supershift assay)	-	pubmed:8810328	taxid:9606(human)	taxid:9606(human)	psi-mi:"MI:0915"(physical association)	psi-mi:"MI:1264"(ntnu)	-	-	-	psi-mi:"MI:0499"(unspecified role)	psi-mi:"MI:0499"(unspecified role)	psi-mi:"MI:0498"(prey)	psi-mi:"MI:0496"(bait)	psi-mi:"MI:0326"(protein)	psi-mi:"MI:0319"(deoxyribonucleic acid)	-	-	-	-	-	figure legend:2B	taxid:-1(in vitro)|taxid:-1(In vitro)	-	-	-	-	-	-	-	-	32p radiolabel:?-?	0	0	psi-mi:"MI:0421"(identification by antibody)	psi-mi:"MI:0833"(autoradiography)
uniprotkb:P11308	entrez:7481	-	-	uniprotkb:ERG_HUMAN	entrez:WNT11	psi-mi:"MI:0402"(chromatin immunoprecipitation assay)	-	pubmed:23913826	taxid:9606(human)	taxid:9606(human)	psi-mi:"MI:0914"(association)	psi-mi:"MI:1264"(ntnu)	-	-	-	psi-mi:"MI:0499"(unspecified role)	psi-mi:"MI:0499"(unspecified role)	psi-mi:"MI:0496"(bait)	psi-mi:"MI:0498"(prey)	psi-mi:"MI:0326"(protein)	psi-mi:"MI:0250"(gene)	-	-	-	-	-	figure legend:2A	taxid:9606(LNCaP cell)	-	-	-	-	-	-	-	-	-	0	0	psi-mi:"MI:0421"(identification by antibody)	psi-mi:"MI:0088"(primer specific pcr)
uniprotkb:P11308	entrez:89780	-	-	uniprotkb:ERG_HUMAN	entrez:WNT3A	psi-mi:"MI:0402"(chromatin immunoprecipitation assay)	-	pubmed:23913826	taxid:9606(human)	taxid:9606(human)	psi-mi:"MI:0914"(association)	psi-mi:"MI:1264"(ntnu)	-	-	-	psi-mi:"MI:0499"(unspecified role)	psi-mi:"MI:0499"(unspecified role)	psi-mi:"MI:0496"(bait)	psi-mi:"MI:0498"(prey)	psi-mi:"MI:0326"(protein)	psi-mi:"MI:0250"(gene)	-	-	-	-	-	figure legend:2A	taxid:9606(LNCaP cell)	-	-	-	-	-	-	-	-	-	0	0	psi-mi:"MI:0421"(identification by antibody)	psi-mi:"MI:0088"(primer specific pcr)
uniprotkb:P11308	entrez:7472	-	-	uniprotkb:ERG_HUMAN	entrez:WNT2	psi-mi:"MI:0402"(chromatin immunoprecipitation assay)	-	pubmed:23913826	taxid:9606(human)	taxid:9606(human)	psi-mi:"MI:0914"(association)	psi-mi:"MI:1264"(ntnu)	-	-	-	psi-mi:"MI:0499"(unspecified role)	psi-mi:"MI:0499"(unspecified role)	psi-mi:"MI:0496"(bait)	psi-mi:"MI:0498"(prey)	psi-mi:"MI:0326"(protein)	psi-mi:"MI:0250"(gene)	-	-	-	-	-	figure legend:2A	taxid:9606(LNCaP cell)	-	-	-	-	-	-	-	-	-	0	0	psi-mi:"MI:0421"(identification by antibody)	psi-mi:"MI:0088"(primer specific pcr)
uniprotkb:P11308	entrez:7471	-	-	uniprotkb:ERG_HUMAN	entrez:WNT1	psi-mi:"MI:0402"(chromatin immunoprecipitation assay)	-	pubmed:23913826	taxid:9606(human)	taxid:9606(human)	psi-mi:"MI:0914"(association)	psi-mi:"MI:1264"(ntnu)	-	-	-	psi-mi:"MI:0499"(unspecified role)	psi-mi:"MI:0499"(unspecified role)	psi-mi:"MI:0496"(bait)	psi-mi:"MI:0498"(prey)	psi-mi:"MI:0326"(protein)	psi-mi:"MI:0250"(gene)	-	-	-	-	-	figure legend:2A	taxid:9606(LNCaP cell)	-	-	-	-	-	-	-	-	-	0	0	psi-mi:"MI:0421"(identification by antibody)	psi-mi:"MI:0088"(primer specific pcr)
uniprotkb:P11308	entrez:1003	-	-	uniprotkb:ERG_HUMAN	entrez:CDH5	psi-mi:"MI:0402"(chromatin immunoprecipitation assay)	-	pubmed:18195090	taxid:9606(human)	taxid:9606(human)	psi-mi:"MI:0914"(association)	psi-mi:"MI:1264"(ntnu)	-	-	-	psi-mi:"MI:0499"(unspecified role)	psi-mi:"MI:0499"(unspecified role)	psi-mi:"MI:0496"(bait)	psi-mi:"MI:0498"(prey)	psi-mi:"MI:0326"(protein)	psi-mi:"MI:0250"(gene)	-	-	-	-	-	figure legend:2F	taxid:9606(HUVEC cell)	-	-	-	-	-	-	-	-	-	0	0	psi-mi:"MI:0421"(identification by antibody)	psi-mi:"MI:0088"(primer specific pcr)
uniprotkb:Q9H8N7	entrez:3064	-	-	uniprotkb:ZN395_HUMAN	entrez:HTT	psi-mi:"MI:0606"(DNase I footprinting)	-	pubmed:14625278	taxid:9606(human)	taxid:9606(human)	psi-mi:"MI:0914"(association)	psi-mi:"MI:1264"(ntnu)	-	-	-	psi-mi:"MI:0499"(unspecified role)	psi-mi:"MI:0499"(unspecified role)	psi-mi:"MI:0496"(bait)	psi-mi:"MI:0498"(prey)	psi-mi:"MI:0326"(protein)	psi-mi:"MI:0250"(gene)	-	-	-	-	-	figure legend:6	taxid:-1(in vitro)|taxid:-1(In vitro)	-	-	-	-	-	-	-	glutathione s tranferase tag:?-?	-	0	0	-	-
uniprotkb:Q9H8N7	entrez:3064	-	-	uniprotkb:ZN395_HUMAN	entrez:HTT	psi-mi:"MI:0413"(electrophoretic mobility shift assay)	-	pubmed:14625278	taxid:9606(human)	taxid:9606(human)	psi-mi:"MI:0915"(physical association)	psi-mi:"MI:1264"(ntnu)	-	-	-	psi-mi:"MI:0499"(unspecified role)	psi-mi:"MI:0499"(unspecified role)	psi-mi:"MI:0498"(prey)	psi-mi:"MI:0496"(bait)	psi-mi:"MI:0326"(protein)	psi-mi:"MI:0319"(deoxyribonucleic acid)	-	-	-	-	-	figure legend:4D	taxid:-1(in vitro)|taxid:-1(In vitro)	-	-	-	-	-	-	-	glutathione s tranferase tag:?-?	32p radiolabel:?-?	0	0	psi-mi:"MI:0833"(autoradiography)	psi-mi:"MI:0833"(autoradiography)
uniprotkb:P63013	entrez:170574	-	-	uniprotkb:PRRX1_MOUSE	entrez:Sp7	psi-mi:"MI:0412"(electrophoretic mobility supershift assay)	-	pubmed:20683885	taxid:10090(mouse)	taxid:10090(mouse)	psi-mi:"MI:0915"(physical association)	psi-mi:"MI:1264"(ntnu)	-	-	-	psi-mi:"MI:0499"(unspecified role)	psi-mi:"MI:0499"(unspecified role)	psi-mi:"MI:0498"(prey)	psi-mi:"MI:0496"(bait)	psi-mi:"MI:0326"(protein)	psi-mi:"MI:0319"(deoxyribonucleic acid)	-	-	-	-	-	figure legend:5B	taxid:-1(in vitro)|taxid:-1(In vitro)	-	-	-	-	-	-	-	-	32p radiolabel:?-?	0	0	psi-mi:"MI:0421"(identification by antibody)	psi-mi:"MI:0833"(autoradiography)
uniprotkb:P63013	entrez:170574	-	-	uniprotkb:PRRX1_MOUSE	entrez:Sp7	psi-mi:"MI:0402"(chromatin immunoprecipitation assay)	-	pubmed:20683885	taxid:10090(mouse)	taxid:10090(mouse)	psi-mi:"MI:0914"(association)	psi-mi:"MI:1264"(ntnu)	-	-	-	psi-mi:"MI:0499"(unspecified role)	psi-mi:"MI:0499"(unspecified role)	psi-mi:"MI:0496"(bait)	psi-mi:"MI:0498"(prey)	psi-mi:"MI:0326"(protein)	psi-mi:"MI:0250"(gene)	-	-	-	-	-	figure legend:1B	taxid:10090(C3H10T1/2 cell)	-	-	-	-	-	-	-	-	-	0	0	psi-mi:"MI:0421"(identification by antibody)	psi-mi:"MI:0088"(primer specific pcr)
uniprotkb:Q10571	entrez:3488	-	-	uniprotkb:MN1_HUMAN	entrez:IGFBP5	psi-mi:"MI:0413"(electrophoretic mobility shift assay)	-	pubmed:17242174	taxid:9606(human)	taxid:9606(human)	psi-mi:"MI:0915"(physical association)	psi-mi:"MI:1264"(ntnu)	-	-	-	psi-mi:"MI:0499"(unspecified role)	psi-mi:"MI:0499"(unspecified role)	psi-mi:"MI:0498"(prey)	psi-mi:"MI:0496"(bait)	psi-mi:"MI:0326"(protein)	psi-mi:"MI:0319"(deoxyribonucleic acid)	-	-	-	-	-	figure legend:4A	taxid:-1(in vitro)|taxid:-1(In vitro)	-	-	-	-	-	-	-	-	32p radiolabel:?-?	0	0	psi-mi:"MI:0833"(autoradiography)	psi-mi:"MI:0833"(autoradiography)
uniprotkb:Q99612	entrez:467	-	-	uniprotkb:KLF6_HUMAN	entrez:ATF3	psi-mi:"MI:0413"(electrophoretic mobility shift assay)	-	pubmed:18755691	taxid:9606(human)	taxid:9606(human)	psi-mi:"MI:0407"(direct interaction)	psi-mi:"MI:1264"(ntnu)	-	-	-	psi-mi:"MI:0499"(unspecified role)	psi-mi:"MI:0499"(unspecified role)	psi-mi:"MI:0498"(prey)	psi-mi:"MI:0496"(bait)	psi-mi:"MI:0326"(protein)	psi-mi:"MI:0319"(deoxyribonucleic acid)	-	-	-	-	-	figure legend:3C	taxid:-1(in vitro)|taxid:-1(In vitro)	-	-	-	-	-	-	-	-	32p radiolabel:?-?	0	0	psi-mi:"MI:0833"(autoradiography)	psi-mi:"MI:0833"(autoradiography)
uniprotkb:P14653	entrez:18424	-	-	uniprotkb:HXB1_HUMAN	entrez:Otx2	psi-mi:"MI:0606"(DNase I footprinting)	-	pubmed:9556594	taxid:9606(human)	taxid:10090(mouse)	psi-mi:"MI:0914"(association)	psi-mi:"MI:1264"(ntnu)	-	-	-	psi-mi:"MI:0499"(unspecified role)	psi-mi:"MI:0499"(unspecified role)	psi-mi:"MI:0496"(bait)	psi-mi:"MI:0498"(prey)	psi-mi:"MI:0326"(protein)	psi-mi:"MI:0250"(gene)	-	-	-	-	-	figure legend:3A	taxid:-1(in vitro)|taxid:-1(In vitro)	-	-	-	-	-	-	-	-	-	0	0	-	-
uniprotkb:P14653	entrez:18424	-	-	uniprotkb:HXB1_HUMAN	entrez:Otx2	psi-mi:"MI:0413"(electrophoretic mobility shift assay)	-	pubmed:9556594	taxid:9606(human)	taxid:10090(mouse)	psi-mi:"MI:0915"(physical association)	psi-mi:"MI:1264"(ntnu)	-	-	-	psi-mi:"MI:0499"(unspecified role)	psi-mi:"MI:0499"(unspecified role)	psi-mi:"MI:0498"(prey)	psi-mi:"MI:0496"(bait)	psi-mi:"MI:0326"(protein)	psi-mi:"MI:0319"(deoxyribonucleic acid)	-	-	-	-	-	figure legend:5A	taxid:-1(in vitro)|taxid:-1(In vitro)	-	-	-	-	-	-	-	-	32p radiolabel:?-?	0	0	psi-mi:"MI:0833"(autoradiography)	psi-mi:"MI:0833"(autoradiography)
uniprotkb:P10589	entrez:3973	-	-	uniprotkb:COT1_HUMAN	entrez:LHCGR	psi-mi:"MI:0412"(electrophoretic mobility supershift assay)	-	pubmed:10644740	taxid:9606(human)	taxid:9606(human)	psi-mi:"MI:0407"(direct interaction)	psi-mi:"MI:1264"(ntnu)	-	-	-	psi-mi:"MI:0499"(unspecified role)	psi-mi:"MI:0499"(unspecified role)	psi-mi:"MI:0498"(prey)	psi-mi:"MI:0496"(bait)	psi-mi:"MI:0326"(protein)	psi-mi:"MI:0319"(deoxyribonucleic acid)	-	-	-	-	-	figure legend:3A	taxid:-1(in vitro)|taxid:-1(In vitro)	-	-	-	-	-	-	-	-	32p radiolabel:?-?	0	0	psi-mi:"MI:0421"(identification by antibody)	psi-mi:"MI:0833"(autoradiography)
uniprotkb:P70475	entrez:24706	-	-	uniprotkb:MYT1L_RAT	entrez:Rarb	psi-mi:"MI:1189"(methylation interference assay)	-	pubmed:8631881	taxid:10116(rat)	taxid:10116(rat)	psi-mi:"MI:0914"(association)	psi-mi:"MI:1264"(ntnu)	-	-	-	psi-mi:"MI:0499"(unspecified role)	psi-mi:"MI:0499"(unspecified role)	psi-mi:"MI:0496"(bait)	psi-mi:"MI:0498"(prey)	psi-mi:"MI:0326"(protein)	psi-mi:"MI:0250"(gene)	-	-	-	-	-	figure legend:8	taxid:-1(in vitro)|taxid:-1(In vitro)	-	-	-	-	-	-	-	glutathione s tranferase tag:?-?	-	0	0	-	-
uniprotkb:Q13029	entrez:3162	-	-	uniprotkb:PRDM2_HUMAN	entrez:HMOX1	psi-mi:"MI:0413"(electrophoretic mobility shift assay)	-	pubmed:8654390	taxid:9606(human)	taxid:9606(human)	psi-mi:"MI:0915"(physical association)	psi-mi:"MI:1264"(ntnu)	-	-	-	psi-mi:"MI:0499"(unspecified role)	psi-mi:"MI:0499"(unspecified role)	psi-mi:"MI:0498"(prey)	psi-mi:"MI:0496"(bait)	psi-mi:"MI:0326"(protein)	psi-mi:"MI:0319"(deoxyribonucleic acid)	-	-	-	-	-	figure legend:3C	taxid:-1(in vitro)|taxid:-1(In vitro)	-	-	-	-	-	-	-	glutathione s tranferase tag:?-?	32p radiolabel:?-?	0	0	psi-mi:"MI:0833"(autoradiography)	psi-mi:"MI:0833"(autoradiography)
uniprotkb:Q9EPQ8	entrez:4314	-	-	uniprotkb:TCF20_MOUSE	entrez:MMP3	psi-mi:"MI:0413"(electrophoretic mobility shift assay)	-	pubmed:10995766	taxid:10090(mouse)	taxid:9606(human)	psi-mi:"MI:0915"(physical association)	psi-mi:"MI:1264"(ntnu)	-	-	-	psi-mi:"MI:0499"(unspecified role)	psi-mi:"MI:0499"(unspecified role)	psi-mi:"MI:0498"(prey)	psi-mi:"MI:0496"(bait)	psi-mi:"MI:0326"(protein)	psi-mi:"MI:0319"(deoxyribonucleic acid)	-	-	-	-	-	figure legend:7A	taxid:-1(in vitro)|taxid:-1(In vitro)	-	-	-	-	-	-	-	glutathione s tranferase tag:?-?	32p radiolabel:?-?	0	0	psi-mi:"MI:0833"(autoradiography)	psi-mi:"MI:0833"(autoradiography)
uniprotkb:P09084	entrez:12020	-	-	uniprotkb:PAX1_MOUSE	entrez:Nkx3-2	psi-mi:"MI:0413"(electrophoretic mobility shift assay)	-	pubmed:12490554	taxid:10090(mouse)	taxid:10090(mouse)	psi-mi:"MI:0407"(direct interaction)	psi-mi:"MI:1264"(ntnu)	-	-	-	psi-mi:"MI:0499"(unspecified role)	psi-mi:"MI:0499"(unspecified role)	psi-mi:"MI:0498"(prey)	psi-mi:"MI:0496"(bait)	psi-mi:"MI:0326"(protein)	psi-mi:"MI:0319"(deoxyribonucleic acid)	-	-	-	-	-	figure legend:7F	taxid:-1(in vitro)|taxid:-1(In vitro)	-	-	-	-	-	-	-	-	32p radiolabel:?-?	0	0	psi-mi:"MI:0833"(autoradiography)	psi-mi:"MI:0833"(autoradiography)
uniprotkb:Q8CE22	entrez:13653	-	-	uniprotkb:DMTF1_MOUSE	entrez:Egr1	psi-mi:"MI:0412"(electrophoretic mobility supershift assay)	-	pubmed:19816943	taxid:10090(mouse)	taxid:10090(mouse)	psi-mi:"MI:0915"(physical association)	psi-mi:"MI:1264"(ntnu)	-	-	-	psi-mi:"MI:0499"(unspecified role)	psi-mi:"MI:0499"(unspecified role)	psi-mi:"MI:0498"(prey)	psi-mi:"MI:0496"(bait)	psi-mi:"MI:0326"(protein)	psi-mi:"MI:0319"(deoxyribonucleic acid)	-	-	-	-	-	figure legend:1F	taxid:-1(in vitro)|taxid:-1(In vitro)	-	-	-	-	-	-	-	tag:?-?	32p radiolabel:?-?	0	0	psi-mi:"MI:0421"(identification by antibody)	psi-mi:"MI:0833"(autoradiography)
uniprotkb:Q8CE22	entrez:11839	-	-	uniprotkb:DMTF1_MOUSE	entrez:Areg	psi-mi:"MI:0412"(electrophoretic mobility supershift assay)	-	pubmed:19816943	taxid:10090(mouse)	taxid:10090(mouse)	psi-mi:"MI:0915"(physical association)	psi-mi:"MI:1264"(ntnu)	-	-	-	psi-mi:"MI:0499"(unspecified role)	psi-mi:"MI:0499"(unspecified role)	psi-mi:"MI:0498"(prey)	psi-mi:"MI:0496"(bait)	psi-mi:"MI:0326"(protein)	psi-mi:"MI:0319"(deoxyribonucleic acid)	-	-	-	-	-	figure legend:1B	taxid:-1(in vitro)|taxid:-1(In vitro)	-	-	-	-	-	-	-	tag:?-?	32p radiolabel:?-?	0	0	psi-mi:"MI:0421"(identification by antibody)	psi-mi:"MI:0833"(autoradiography)
uniprotkb:Q62255	entrez:170735	-	-	uniprotkb:SALL3_MOUSE	entrez:Arr3	psi-mi:"MI:0402"(chromatin immunoprecipitation assay)	-	pubmed:21558380	taxid:10090(mouse)	taxid:10090(mouse)	psi-mi:"MI:0914"(association)	psi-mi:"MI:1264"(ntnu)	-	-	-	psi-mi:"MI:0499"(unspecified role)	psi-mi:"MI:0499"(unspecified role)	psi-mi:"MI:0496"(bait)	psi-mi:"MI:0498"(prey)	psi-mi:"MI:0326"(protein)	psi-mi:"MI:0250"(gene)	-	-	-	-	-	figure legend:6A	-	-	-	-	-	-	-	-	-	-	0	0	psi-mi:"MI:0421"(identification by antibody)	psi-mi:"MI:0088"(primer specific pcr)
uniprotkb:Q96EK4	entrez:4609	-	-	uniprotkb:THA11_HUMAN	entrez:MYC	psi-mi:"MI:0412"(electrophoretic mobility supershift assay)	-	pubmed:19008924	taxid:9606(human)	taxid:9606(human)	psi-mi:"MI:0915"(physical association)	psi-mi:"MI:1264"(ntnu)	-	-	-	psi-mi:"MI:0499"(unspecified role)	psi-mi:"MI:0499"(unspecified role)	psi-mi:"MI:0498"(prey)	psi-mi:"MI:0496"(bait)	psi-mi:"MI:0326"(protein)	psi-mi:"MI:0319"(deoxyribonucleic acid)	-	-	-	-	-	figure legend:5D	taxid:-1(in vitro)|taxid:-1(In vitro)	-	-	-	-	-	-	-	-	32p radiolabel:?-?	0	0	psi-mi:"MI:0421"(identification by antibody)	psi-mi:"MI:0833"(autoradiography)
uniprotkb:O00409	entrez:11040	-	-	uniprotkb:FOXN3_HUMAN	entrez:PIM2	psi-mi:"MI:0402"(chromatin immunoprecipitation assay)	-	pubmed:24403608	taxid:9606(human)	taxid:9606(human)	psi-mi:"MI:0914"(association)	psi-mi:"MI:1264"(ntnu)	-	-	-	psi-mi:"MI:0499"(unspecified role)	psi-mi:"MI:0499"(unspecified role)	psi-mi:"MI:0496"(bait)	psi-mi:"MI:0498"(prey)	psi-mi:"MI:0326"(protein)	psi-mi:"MI:0250"(gene)	-	-	-	-	-	figure legend:5B	taxid:9606(NCI-H1299 cell)	-	-	-	-	-	-	-	flag tag:?-?	-	0	0	psi-mi:"MI:0421"(identification by antibody)	psi-mi:"MI:0088"(primer specific pcr)
uniprotkb:P28574	entrez:18263	-	-	uniprotkb:MAX_MOUSE	entrez:Odc1	psi-mi:"MI:0402"(chromatin immunoprecipitation assay)	-	pubmed:12782599	taxid:10090(mouse)	taxid:10090(mouse)	psi-mi:"MI:0914"(association)	psi-mi:"MI:1264"(ntnu)	-	-	-	psi-mi:"MI:0499"(unspecified role)	psi-mi:"MI:0499"(unspecified role)	psi-mi:"MI:0496"(bait)	psi-mi:"MI:0498"(prey)	psi-mi:"MI:0326"(protein)	psi-mi:"MI:0250"(gene)	-	-	-	-	-	figure legend:2D	taxid:10090(32D cell)	-	-	-	-	-	-	-	-	-	0	0	psi-mi:"MI:0421"(identification by antibody)	psi-mi:"MI:0088"(primer specific pcr)
uniprotkb:P28574	entrez:287910	-	-	uniprotkb:MAX_MOUSE	entrez:Ccl6	psi-mi:"MI:0402"(chromatin immunoprecipitation assay)	-	pubmed:12782599	taxid:10090(mouse)	taxid:10116(rat)	psi-mi:"MI:0914"(association)	psi-mi:"MI:1264"(ntnu)	-	-	-	psi-mi:"MI:0499"(unspecified role)	psi-mi:"MI:0499"(unspecified role)	psi-mi:"MI:0496"(bait)	psi-mi:"MI:0498"(prey)	psi-mi:"MI:0326"(protein)	psi-mi:"MI:0250"(gene)	-	-	-	-	-	figure legend:2D	taxid:10090(32D cell)	-	-	-	-	-	-	-	-	-	0	0	psi-mi:"MI:0421"(identification by antibody)	psi-mi:"MI:0088"(primer specific pcr)
uniprotkb:P01108	entrez:18263	-	-	uniprotkb:MYC_MOUSE	entrez:Odc1	psi-mi:"MI:0402"(chromatin immunoprecipitation assay)	-	pubmed:12782599	taxid:10090(mouse)	taxid:10090(mouse)	psi-mi:"MI:0914"(association)	psi-mi:"MI:1264"(ntnu)	-	-	-	psi-mi:"MI:0499"(unspecified role)	psi-mi:"MI:0499"(unspecified role)	psi-mi:"MI:0496"(bait)	psi-mi:"MI:0498"(prey)	psi-mi:"MI:0326"(protein)	psi-mi:"MI:0250"(gene)	-	-	-	-	-	figure legend:2C	taxid:10090(32D cell)	-	-	-	-	-	-	-	-	-	0	0	psi-mi:"MI:0421"(identification by antibody)	psi-mi:"MI:0088"(primer specific pcr)
uniprotkb:P01108	entrez:18263	-	-	uniprotkb:MYC_MOUSE	entrez:Odc1	psi-mi:"MI:0402"(chromatin immunoprecipitation assay)	-	pubmed:12782599	taxid:10090(mouse)	taxid:10090(mouse)	psi-mi:"MI:0914"(association)	psi-mi:"MI:1264"(ntnu)	-	-	-	psi-mi:"MI:0499"(unspecified role)	psi-mi:"MI:0499"(unspecified role)	psi-mi:"MI:0496"(bait)	psi-mi:"MI:0498"(prey)	psi-mi:"MI:0326"(protein)	psi-mi:"MI:0250"(gene)	-	-	-	-	-	figure legend:2C	taxid:10090(32D cell)	-	-	-	-	-	-	-	-	-	0	0	psi-mi:"MI:0421"(identification by antibody)	psi-mi:"MI:0088"(primer specific pcr)
uniprotkb:P01108	entrez:287910	-	-	uniprotkb:MYC_MOUSE	entrez:Ccl6	psi-mi:"MI:0402"(chromatin immunoprecipitation assay)	-	pubmed:12782599	taxid:10090(mouse)	taxid:10116(rat)	psi-mi:"MI:0914"(association)	psi-mi:"MI:1264"(ntnu)	-	-	-	psi-mi:"MI:0499"(unspecified role)	psi-mi:"MI:0499"(unspecified role)	psi-mi:"MI:0496"(bait)	psi-mi:"MI:0498"(prey)	psi-mi:"MI:0326"(protein)	psi-mi:"MI:0250"(gene)	-	-	-	-	-	figure legend:2C	taxid:10090(32D cell)	-	-	-	-	-	-	-	-	-	0	0	psi-mi:"MI:0421"(identification by antibody)	psi-mi:"MI:0088"(primer specific pcr)
uniprotkb:Q9R1V3	entrez:81516	-	-	uniprotkb:SMAD5_RAT	entrez:Smad7	psi-mi:"MI:0413"(electrophoretic mobility shift assay)	-	pubmed:11527422	taxid:10116(rat)	taxid:10116(rat)	psi-mi:"MI:0915"(physical association)	psi-mi:"MI:1264"(ntnu)	-	-	-	psi-mi:"MI:0499"(unspecified role)	psi-mi:"MI:0499"(unspecified role)	psi-mi:"MI:0498"(prey)	psi-mi:"MI:0496"(bait)	psi-mi:"MI:0326"(protein)	psi-mi:"MI:0319"(deoxyribonucleic acid)	-	-	-	-	-	figure legend:2	taxid:-1(in vitro)|taxid:-1(In vitro)	-	-	-	-	-	-	-	glutathione s tranferase tag:?-?	32p radiolabel:?-?	0	0	psi-mi:"MI:0833"(autoradiography)	psi-mi:"MI:0833"(autoradiography)
uniprotkb:Q9NYD6	entrez:3913	-	-	uniprotkb:HXC10_HUMAN	entrez:LAMB2	psi-mi:"MI:0413"(electrophoretic mobility shift assay)	-	pubmed:10835276	taxid:9606(human)	taxid:9606(human)	psi-mi:"MI:0915"(physical association)	psi-mi:"MI:1264"(ntnu)	-	-	-	psi-mi:"MI:0499"(unspecified role)	psi-mi:"MI:0499"(unspecified role)	psi-mi:"MI:0498"(prey)	psi-mi:"MI:0496"(bait)	psi-mi:"MI:0326"(protein)	psi-mi:"MI:0319"(deoxyribonucleic acid)	-	-	-	-	-	figure legend:3A	taxid:-1(in vitro)|taxid:-1(In vitro)	-	-	-	-	-	-	-	his tag:?-?	32p radiolabel:?-?	0	0	psi-mi:"MI:0833"(autoradiography)	psi-mi:"MI:0833"(autoradiography)
uniprotkb:O95600	entrez:3043	-	-	uniprotkb:KLF8_HUMAN	entrez:HBB	psi-mi:"MI:0413"(electrophoretic mobility shift assay)	-	pubmed:10756197	taxid:9606(human)	taxid:9606(human)	psi-mi:"MI:0915"(physical association)	psi-mi:"MI:1264"(ntnu)	-	-	-	psi-mi:"MI:0499"(unspecified role)	psi-mi:"MI:0499"(unspecified role)	psi-mi:"MI:0498"(prey)	psi-mi:"MI:0496"(bait)	psi-mi:"MI:0326"(protein)	psi-mi:"MI:0319"(deoxyribonucleic acid)	-	-	-	-	-	figure legend:2A	taxid:-1(in vitro)|taxid:-1(In vitro)	-	-	-	-	-	-	-	-	32p radiolabel:?-?	0	0	psi-mi:"MI:0833"(autoradiography)	psi-mi:"MI:0833"(autoradiography)
uniprotkb:P09016	entrez:3235	-	-	uniprotkb:HXD4_HUMAN	entrez:HOXD9	psi-mi:"MI:0606"(DNase I footprinting)	-	pubmed:1756725	taxid:9606(human)	taxid:9606(human)	psi-mi:"MI:0914"(association)	psi-mi:"MI:1264"(ntnu)	-	-	-	psi-mi:"MI:0499"(unspecified role)	psi-mi:"MI:0499"(unspecified role)	psi-mi:"MI:0496"(bait)	psi-mi:"MI:0498"(prey)	psi-mi:"MI:0326"(protein)	psi-mi:"MI:0250"(gene)	-	-	-	-	-	figure legend:3C	taxid:-1(in vitro)|taxid:-1(In vitro)	-	-	-	-	-	-	-	-	-	0	0	-	-
uniprotkb:Q00900	entrez:6752	-	-	uniprotkb:ZEP2_RAT	entrez:SSTR2	psi-mi:"MI:0412"(electrophoretic mobility supershift assay)	-	pubmed:10207097	taxid:10116(rat)	taxid:9606(human)	psi-mi:"MI:0915"(physical association)	psi-mi:"MI:1264"(ntnu)	-	-	-	psi-mi:"MI:0499"(unspecified role)	psi-mi:"MI:0499"(unspecified role)	psi-mi:"MI:0498"(prey)	psi-mi:"MI:0496"(bait)	psi-mi:"MI:0326"(protein)	psi-mi:"MI:0319"(deoxyribonucleic acid)	-	-	-	-	-	figure legend:3C	taxid:-1(in vitro)|taxid:-1(In vitro)	-	-	-	-	-	-	-	-	32p radiolabel:?-?	0	0	psi-mi:"MI:0421"(identification by antibody)	psi-mi:"MI:0833"(autoradiography)
uniprotkb:Q8BHF7	entrez:12504	-	-	uniprotkb:PGPS1_MOUSE	entrez:Cd4	psi-mi:"MI:0413"(electrophoretic mobility shift assay)	-	pubmed:10432290	taxid:10090(mouse)	taxid:10090(mouse)	psi-mi:"MI:0915"(physical association)	psi-mi:"MI:1264"(ntnu)	-	-	-	psi-mi:"MI:0499"(unspecified role)	psi-mi:"MI:0499"(unspecified role)	psi-mi:"MI:0498"(prey)	psi-mi:"MI:0496"(bait)	psi-mi:"MI:0326"(protein)	psi-mi:"MI:0319"(deoxyribonucleic acid)	-	-	-	-	-	figure legend:4B	taxid:-1(in vitro)|taxid:-1(In vitro)	-	-	-	-	-	-	-	glutathione s tranferase tag:?-?	32p radiolabel:?-?	0	0	psi-mi:"MI:0833"(autoradiography)	psi-mi:"MI:0833"(autoradiography)
uniprotkb:Q811W0	entrez:18390	-	-	uniprotkb:SOX21_MOUSE	entrez:Oprm1	psi-mi:"MI:0413"(electrophoretic mobility shift assay)	-	pubmed:12446692	taxid:10090(mouse)	taxid:10090(mouse)	psi-mi:"MI:0407"(direct interaction)	psi-mi:"MI:1264"(ntnu)	-	-	-	psi-mi:"MI:0499"(unspecified role)	psi-mi:"MI:0499"(unspecified role)	psi-mi:"MI:0498"(prey)	psi-mi:"MI:0496"(bait)	psi-mi:"MI:0326"(protein)	psi-mi:"MI:0319"(deoxyribonucleic acid)	-	-	-	-	-	figure legend:6B	taxid:-1(in vitro)|taxid:-1(In vitro)	-	-	-	-	-	-	-	-	32p radiolabel:?-?	0	0	psi-mi:"MI:0833"(autoradiography)	psi-mi:"MI:0833"(autoradiography)
uniprotkb:P46099	entrez:12580	-	-	uniprotkb:KLF1_MOUSE	entrez:Cdkn2c	psi-mi:"MI:0412"(electrophoretic mobility supershift assay)	-	pubmed:17442339	taxid:10090(mouse)	taxid:10090(mouse)	psi-mi:"MI:0915"(physical association)	psi-mi:"MI:1264"(ntnu)	-	-	-	psi-mi:"MI:0499"(unspecified role)	psi-mi:"MI:0499"(unspecified role)	psi-mi:"MI:0498"(prey)	psi-mi:"MI:0496"(bait)	psi-mi:"MI:0326"(protein)	psi-mi:"MI:0319"(deoxyribonucleic acid)	-	-	-	-	-	-	taxid:-1(in vitro)|taxid:-1(In vitro)	-	-	-	-	-	-	-	-	32p radiolabel:?-?	0	0	psi-mi:"MI:0421"(identification by antibody)	psi-mi:"MI:0833"(autoradiography)
uniprotkb:P17141	entrez:22696	-	-	uniprotkb:ZFP37_MOUSE	entrez:Zfp37	psi-mi:""(southwestern blot)	-	pubmed:9535899	taxid:10090(mouse)	taxid:10090(mouse)	psi-mi:"MI:0407"(direct interaction)	psi-mi:"MI:1264"(ntnu)	-	-	-	psi-mi:"MI:0499"(unspecified role)	psi-mi:"MI:0499"(unspecified role)	psi-mi:"MI:0498"(prey)	psi-mi:"MI:0496"(bait)	psi-mi:"MI:0326"(protein)	psi-mi:"MI:0319"(deoxyribonucleic acid)	-	-	-	-	-	figure legend:2A	taxid:-1(in vitro)|taxid:-1(In vitro)	-	-	-	-	-	-	-	-	-	0	0	-	-
uniprotkb:P09629	entrez:2247	-	-	uniprotkb:HXB7_HUMAN	entrez:FGF2	psi-mi:"MI:0413"(electrophoretic mobility shift assay)	-	pubmed:8756643	taxid:9606(human)	taxid:9606(human)	psi-mi:"MI:0407"(direct interaction)	psi-mi:"MI:1264"(ntnu)	-	-	-	psi-mi:"MI:0499"(unspecified role)	psi-mi:"MI:0499"(unspecified role)	psi-mi:"MI:0498"(prey)	psi-mi:"MI:0496"(bait)	psi-mi:"MI:0326"(protein)	psi-mi:"MI:0319"(deoxyribonucleic acid)	-	-	-	-	-	figure legend:5A	taxid:-1(in vitro)|taxid:-1(In vitro)	-	-	-	-	-	-	-	-	32p radiolabel:?-?	0	0	psi-mi:"MI:0833"(autoradiography)	psi-mi:"MI:0833"(autoradiography)
uniprotkb:P48380	entrez:16192	-	-	uniprotkb:RFX3_HUMAN	entrez:Il5ra	psi-mi:"MI:0412"(electrophoretic mobility supershift assay)	-	pubmed:10330134	taxid:9606(human)	taxid:10090(mouse)	psi-mi:"MI:0407"(direct interaction)	psi-mi:"MI:1264"(ntnu)	-	-	-	psi-mi:"MI:0499"(unspecified role)	psi-mi:"MI:0499"(unspecified role)	psi-mi:"MI:0498"(prey)	psi-mi:"MI:0496"(bait)	psi-mi:"MI:0326"(protein)	psi-mi:"MI:0319"(deoxyribonucleic acid)	-	-	-	-	-	figure legend:2D	taxid:-1(in vitro)|taxid:-1(In vitro)	-	-	-	-	-	-	-	-	32p radiolabel:?-?	0	0	psi-mi:"MI:0421"(identification by antibody)	psi-mi:"MI:0833"(autoradiography)
uniprotkb:Q80V63	entrez:268515	-	-	uniprotkb:PRDM4_MOUSE	entrez:Bahcc1	psi-mi:"MI:0413"(electrophoretic mobility shift assay)	-	pubmed:23918801	taxid:10090(mouse)	taxid:10090(mouse)	psi-mi:"MI:0915"(physical association)	psi-mi:"MI:1264"(ntnu)	-	-	-	psi-mi:"MI:0499"(unspecified role)	psi-mi:"MI:0499"(unspecified role)	psi-mi:"MI:0498"(prey)	psi-mi:"MI:0496"(bait)	psi-mi:"MI:0326"(protein)	psi-mi:"MI:0319"(deoxyribonucleic acid)	-	-	-	-	-	figure legend:4B	taxid:-1(in vitro)|taxid:-1(In vitro)	-	-	-	-	-	-	-	-	32p radiolabel:?-?	0	0	psi-mi:"MI:0833"(autoradiography)	psi-mi:"MI:0833"(autoradiography)
uniprotkb:P52747	entrez:21454	-	-	uniprotkb:ZN143_HUMAN	entrez:Tcp1	psi-mi:"MI:0412"(electrophoretic mobility supershift assay)	-	pubmed:10893243	taxid:9606(human)	taxid:10090(mouse)	psi-mi:"MI:0915"(physical association)	psi-mi:"MI:1264"(ntnu)	-	-	-	psi-mi:"MI:0499"(unspecified role)	psi-mi:"MI:0499"(unspecified role)	psi-mi:"MI:0498"(prey)	psi-mi:"MI:0496"(bait)	psi-mi:"MI:0326"(protein)	psi-mi:"MI:0319"(deoxyribonucleic acid)	-	-	-	-	-	figure legend:8	taxid:-1(in vitro)|taxid:-1(In vitro)	-	-	-	-	-	-	-	-	32p radiolabel:?-?	0	0	psi-mi:"MI:0421"(identification by antibody)	psi-mi:"MI:0833"(autoradiography)
uniprotkb:P42230	entrez:19324	-	-	uniprotkb:STA5A_MOUSE	entrez:Rab1	psi-mi:"MI:0412"(electrophoretic mobility supershift assay)	-	pubmed:12393611	taxid:10090(mouse)	taxid:10090(mouse)	psi-mi:"MI:0915"(physical association)	psi-mi:"MI:1264"(ntnu)	-	-	-	psi-mi:"MI:0499"(unspecified role)	psi-mi:"MI:0499"(unspecified role)	psi-mi:"MI:0498"(prey)	psi-mi:"MI:0496"(bait)	psi-mi:"MI:0326"(protein)	psi-mi:"MI:0319"(deoxyribonucleic acid)	-	-	-	-	-	figure legend:7B	taxid:-1(in vitro)|taxid:-1(In vitro)	-	-	-	-	-	-	-	-	32p radiolabel:?-?	0	0	psi-mi:"MI:0421"(identification by antibody)	psi-mi:"MI:0833"(autoradiography)
uniprotkb:P42228	entrez:5551	-	-	uniprotkb:STAT4_MOUSE	entrez:PRF1	psi-mi:"MI:0412"(electrophoretic mobility supershift assay)	-	pubmed:12372421	taxid:10090(mouse)	taxid:9606(human)	psi-mi:"MI:0915"(physical association)	psi-mi:"MI:1264"(ntnu)	-	-	-	psi-mi:"MI:0499"(unspecified role)	psi-mi:"MI:0499"(unspecified role)	psi-mi:"MI:0498"(prey)	psi-mi:"MI:0496"(bait)	psi-mi:"MI:0326"(protein)	psi-mi:"MI:0319"(deoxyribonucleic acid)	-	-	-	-	-	figure legend:5A	taxid:-1(in vitro)|taxid:-1(In vitro)	-	-	-	-	-	-	-	-	32p radiolabel:?-?	0	0	psi-mi:"MI:0421"(identification by antibody)	psi-mi:"MI:0833"(autoradiography)
uniprotkb:Q92766	entrez:796	-	-	uniprotkb:RREB1_HUMAN	entrez:CALCA	psi-mi:"MI:0413"(electrophoretic mobility shift assay)	-	pubmed:8816445	taxid:9606(human)	taxid:9606(human)	psi-mi:"MI:0915"(physical association)	psi-mi:"MI:1264"(ntnu)	-	-	-	psi-mi:"MI:0499"(unspecified role)	psi-mi:"MI:0499"(unspecified role)	psi-mi:"MI:0498"(prey)	psi-mi:"MI:0496"(bait)	psi-mi:"MI:0326"(protein)	psi-mi:"MI:0319"(deoxyribonucleic acid)	-	-	-	-	-	figure legend:5B	taxid:-1(in vitro)|taxid:-1(In vitro)	-	-	-	-	-	-	-	glutathione s tranferase tag:?-?	32p radiolabel:?-?	0	0	psi-mi:"MI:0833"(autoradiography)	psi-mi:"MI:0833"(autoradiography)
uniprotkb:P62633	entrez:4609	-	-	uniprotkb:CNBP_HUMAN	entrez:MYC	psi-mi:"MI:0413"(electrophoretic mobility shift assay)	-	pubmed:23774591	taxid:9606(human)	taxid:9606(human)	psi-mi:"MI:0915"(physical association)	psi-mi:"MI:1264"(ntnu)	-	-	-	psi-mi:"MI:0499"(unspecified role)	psi-mi:"MI:0499"(unspecified role)	psi-mi:"MI:0498"(prey)	psi-mi:"MI:0496"(bait)	psi-mi:"MI:0326"(protein)	psi-mi:"MI:0319"(deoxyribonucleic acid)	-	-	-	-	-	figure legend:1B	taxid:-1(in vitro)|taxid:-1(In vitro)	-	-	-	-	-	-	-	his tag:?-?	32p radiolabel:?-?	0	0	psi-mi:"MI:0833"(autoradiography)	psi-mi:"MI:0833"(autoradiography)
uniprotkb:P09874	entrez:2919	-	-	uniprotkb:PARP1_HUMAN	entrez:CXCL1	psi-mi:"MI:0413"(electrophoretic mobility shift assay)	-	pubmed:11112786	taxid:9606(human)	taxid:9606(human)	psi-mi:"MI:0915"(physical association)	psi-mi:"MI:1264"(ntnu)	-	-	-	psi-mi:"MI:0499"(unspecified role)	psi-mi:"MI:0499"(unspecified role)	psi-mi:"MI:0498"(prey)	psi-mi:"MI:0496"(bait)	psi-mi:"MI:0326"(protein)	psi-mi:"MI:0319"(deoxyribonucleic acid)	-	-	-	-	-	figure legend:3B	taxid:-1(in vitro)|taxid:-1(In vitro)	-	-	-	-	-	-	-	-	32p radiolabel:?-?	0	0	psi-mi:"MI:0833"(autoradiography)	psi-mi:"MI:0833"(autoradiography)
uniprotkb:Q16600	entrez:5949	-	-	uniprotkb:ZN239_HUMAN	entrez:RBP3	psi-mi:"MI:0413"(electrophoretic mobility shift assay)	-	pubmed:11278819	taxid:9606(human)	taxid:9606(human)	psi-mi:"MI:0915"(physical association)	psi-mi:"MI:1264"(ntnu)	-	-	-	psi-mi:"MI:0499"(unspecified role)	psi-mi:"MI:0499"(unspecified role)	psi-mi:"MI:0498"(prey)	psi-mi:"MI:0496"(bait)	psi-mi:"MI:0326"(protein)	psi-mi:"MI:0319"(deoxyribonucleic acid)	-	-	-	-	-	figure legend:1B	taxid:-1(in vitro)|taxid:-1(In vitro)	-	-	-	-	-	-	-	-	32p radiolabel:?-?	0	0	psi-mi:"MI:0833"(autoradiography)	psi-mi:"MI:0833"(autoradiography)
uniprotkb:Q99ME7	entrez:18976	-	-	uniprotkb:TBX19_MOUSE	entrez:Pomc	psi-mi:"MI:0413"(electrophoretic mobility shift assay)	-	pubmed:11290323	taxid:10090(mouse)	taxid:10090(mouse)	psi-mi:"MI:0915"(physical association)	psi-mi:"MI:1264"(ntnu)	-	-	-	psi-mi:"MI:0499"(unspecified role)	psi-mi:"MI:0499"(unspecified role)	psi-mi:"MI:0498"(prey)	psi-mi:"MI:0496"(bait)	psi-mi:"MI:0326"(protein)	psi-mi:"MI:0319"(deoxyribonucleic acid)	-	-	-	-	-	figure legend:5A	taxid:-1(in vitro)|taxid:-1(In vitro)	-	-	-	-	-	-	-	-	32p radiolabel:?-?	0	0	psi-mi:"MI:0833"(autoradiography)	psi-mi:"MI:0833"(autoradiography)
uniprotkb:Q80V63	entrez:268515	-	-	uniprotkb:PRDM4_MOUSE	entrez:Bahcc1	psi-mi:"MI:0412"(electrophoretic mobility supershift assay)	-	pubmed:23918801	taxid:10090(mouse)	taxid:10090(mouse)	psi-mi:"MI:0915"(physical association)	psi-mi:"MI:1264"(ntnu)	-	-	-	psi-mi:"MI:0499"(unspecified role)	psi-mi:"MI:0499"(unspecified role)	psi-mi:"MI:0498"(prey)	psi-mi:"MI:0496"(bait)	psi-mi:"MI:0326"(protein)	psi-mi:"MI:0319"(deoxyribonucleic acid)	-	-	-	-	-	figure legend:6E	taxid:-1(in vitro)|taxid:-1(In vitro)	-	-	-	-	-	-	-	-	32p radiolabel:?-?	0	0	psi-mi:"MI:0421"(identification by antibody)	psi-mi:"MI:0833"(autoradiography)
uniprotkb:Q9Z0S2	entrez:1081	-	-	uniprotkb:LHX2_MOUSE	entrez:CGA	psi-mi:"MI:0413"(electrophoretic mobility shift assay)	-	pubmed:7513049	taxid:10090(mouse)	taxid:9606(human)	psi-mi:"MI:0915"(physical association)	psi-mi:"MI:1264"(ntnu)	-	-	-	psi-mi:"MI:0499"(unspecified role)	psi-mi:"MI:0499"(unspecified role)	psi-mi:"MI:0498"(prey)	psi-mi:"MI:0496"(bait)	psi-mi:"MI:0326"(protein)	psi-mi:"MI:0319"(deoxyribonucleic acid)	-	-	-	-	-	figure legend:6	taxid:-1(in vitro)|taxid:-1(In vitro)	-	-	-	-	-	-	-	-	32p radiolabel:?-?	0	0	psi-mi:"MI:0833"(autoradiography)	psi-mi:"MI:0833"(autoradiography)
uniprotkb:Q60980	entrez:22390	-	-	uniprotkb:KLF3_MOUSE	entrez:Wee1	psi-mi:"MI:0412"(electrophoretic mobility supershift assay)	-	pubmed:22115574	taxid:10090(mouse)	taxid:10090(mouse)	psi-mi:"MI:0915"(physical association)	psi-mi:"MI:1264"(ntnu)	-	-	-	psi-mi:"MI:0499"(unspecified role)	psi-mi:"MI:0499"(unspecified role)	psi-mi:"MI:0498"(prey)	psi-mi:"MI:0496"(bait)	psi-mi:"MI:0326"(protein)	psi-mi:"MI:0319"(deoxyribonucleic acid)	-	-	-	-	-	figure legend:3B	taxid:-1(in vitro)|taxid:-1(In vitro)	-	-	-	-	-	-	-	-	32p radiolabel:?-?	0	0	psi-mi:"MI:0421"(identification by antibody)	psi-mi:"MI:0833"(autoradiography)
uniprotkb:Q99732	entrez:7124	-	-	uniprotkb:LITAF_HUMAN	entrez:TNF	psi-mi:"MI:0413"(electrophoretic mobility shift assay)	-	pubmed:12655064	taxid:9606(human)	taxid:9606(human)	psi-mi:"MI:0915"(physical association)	psi-mi:"MI:1264"(ntnu)	-	-	-	psi-mi:"MI:0499"(unspecified role)	psi-mi:"MI:0499"(unspecified role)	psi-mi:"MI:0498"(prey)	psi-mi:"MI:0496"(bait)	psi-mi:"MI:0326"(protein)	psi-mi:"MI:0319"(deoxyribonucleic acid)	-	-	-	-	-	figure legend:3B	taxid:-1(in vitro)|taxid:-1(In vitro)	-	-	-	-	-	-	-	glutathione s tranferase tag:?-?	32p radiolabel:?-?	0	0	psi-mi:"MI:0833"(autoradiography)	psi-mi:"MI:0833"(autoradiography)
uniprotkb:O15226	entrez:3456	-	-	uniprotkb:NKRF_HUMAN	entrez:IFNB1	psi-mi:"MI:0412"(electrophoretic mobility supershift assay)	-	pubmed:10562553	taxid:9606(human)	taxid:9606(human)	psi-mi:"MI:0915"(physical association)	psi-mi:"MI:1264"(ntnu)	-	-	-	psi-mi:"MI:0499"(unspecified role)	psi-mi:"MI:0499"(unspecified role)	psi-mi:"MI:0498"(prey)	psi-mi:"MI:0496"(bait)	psi-mi:"MI:0326"(protein)	psi-mi:"MI:0319"(deoxyribonucleic acid)	-	-	-	-	-	figure legend:4B	taxid:-1(in vitro)|taxid:-1(In vitro)	-	-	-	-	-	-	-	glutathione s tranferase tag:?-?	32p radiolabel:?-?	0	0	psi-mi:"MI:0421"(identification by antibody)	psi-mi:"MI:0833"(autoradiography)
uniprotkb:Q9BTC0	entrez:71950	-	-	uniprotkb:DIDO1_HUMAN	entrez:Nanog	psi-mi:"MI:0402"(chromatin immunoprecipitation assay)	-	pubmed:24347171	taxid:9606(human)	taxid:10090(mouse)	psi-mi:"MI:0914"(association)	psi-mi:"MI:1264"(ntnu)	-	-	-	psi-mi:"MI:0499"(unspecified role)	psi-mi:"MI:0499"(unspecified role)	psi-mi:"MI:0496"(bait)	psi-mi:"MI:0498"(prey)	psi-mi:"MI:0326"(protein)	psi-mi:"MI:0250"(gene)	-	-	-	-	-	figure legend:4F	-	-	-	-	-	-	-	-	-	-	0	0	psi-mi:"MI:0421"(identification by antibody)	psi-mi:"MI:0088"(primer specific pcr)
uniprotkb:Q14653	entrez:15977	-	-	uniprotkb:IRF3_HUMAN	entrez:Ifnb1	psi-mi:"MI:0114"(x-ray crystallography)	-	pubmed:17560375	taxid:9606(human)	taxid:10090(mouse)	psi-mi:"MI:0407"(direct interaction)	psi-mi:"MI:1264"(ntnu)	-	-	-	psi-mi:"MI:0499"(unspecified role)	psi-mi:"MI:0499"(unspecified role)	psi-mi:"MI:0499"(unspecified role)	psi-mi:"MI:0499"(unspecified role)	psi-mi:"MI:0326"(protein)	psi-mi:"MI:0319"(deoxyribonucleic acid)	-	-	-	-	-	figure legend:3	taxid:-1(in vitro)|taxid:-1(In vitro)	-	-	-	-	-	-	-	-	-	0	0	-	-
uniprotkb:Q61645	entrez:13393	-	-	uniprotkb:HAIR_MOUSE	entrez:Dlx3	psi-mi:"MI:0402"(chromatin immunoprecipitation assay)	-	pubmed:22442153	taxid:10090(mouse)	taxid:10090(mouse)	psi-mi:"MI:0914"(association)	psi-mi:"MI:1264"(ntnu)	-	-	-	psi-mi:"MI:0499"(unspecified role)	psi-mi:"MI:0499"(unspecified role)	psi-mi:"MI:0496"(bait)	psi-mi:"MI:0498"(prey)	psi-mi:"MI:0326"(protein)	psi-mi:"MI:0250"(gene)	-	-	-	-	-	figure legend:4E	taxid:10090(PAM212 cell)	-	-	-	-	-	-	-	-	-	0	0	psi-mi:"MI:0421"(identification by antibody)	psi-mi:"MI:0088"(primer specific pcr)
uniprotkb:P06733	entrez:4609	-	-	uniprotkb:ENOA_HUMAN	entrez:MYC	psi-mi:"MI:0413"(electrophoretic mobility shift assay)	-	pubmed:2005901	taxid:9606(human)	taxid:9606(human)	psi-mi:"MI:0915"(physical association)	psi-mi:"MI:1264"(ntnu)	-	-	-	psi-mi:"MI:0499"(unspecified role)	psi-mi:"MI:0499"(unspecified role)	psi-mi:"MI:0498"(prey)	psi-mi:"MI:0496"(bait)	psi-mi:"MI:0326"(protein)	psi-mi:"MI:0319"(deoxyribonucleic acid)	-	-	-	-	-	figure legend:2B	taxid:-1(in vitro)|taxid:-1(In vitro)	-	-	-	-	-	-	-	tag:?-?	32p radiolabel:?-?	0	0	psi-mi:"MI:0833"(autoradiography)	psi-mi:"MI:0833"(autoradiography)
uniprotkb:Q8R1B8	entrez:12057	-	-	uniprotkb:RORB_MOUSE	entrez:Opn1sw	psi-mi:"MI:0412"(electrophoretic mobility supershift assay)	-	pubmed:16574740	taxid:10090(mouse)	taxid:10090(mouse)	psi-mi:"MI:0407"(direct interaction)	psi-mi:"MI:1264"(ntnu)	-	-	-	psi-mi:"MI:0499"(unspecified role)	psi-mi:"MI:0499"(unspecified role)	psi-mi:"MI:0498"(prey)	psi-mi:"MI:0496"(bait)	psi-mi:"MI:0326"(protein)	psi-mi:"MI:0319"(deoxyribonucleic acid)	-	-	-	-	-	figure legend:3A	taxid:-1(in vitro)|taxid:-1(In vitro)	-	-	-	-	-	-	-	-	32p radiolabel:?-?	0	0	psi-mi:"MI:0421"(identification by antibody)	psi-mi:"MI:0833"(autoradiography)
uniprotkb:Q6ZN28	entrez:4233	-	-	uniprotkb:MACC1_HUMAN	entrez:MET	psi-mi:"MI:0412"(electrophoretic mobility supershift assay)	-	pubmed:19098908	taxid:9606(human)	taxid:9606(human)	psi-mi:"MI:0915"(physical association)	psi-mi:"MI:1264"(ntnu)	-	-	-	psi-mi:"MI:0499"(unspecified role)	psi-mi:"MI:0499"(unspecified role)	psi-mi:"MI:0498"(prey)	psi-mi:"MI:0496"(bait)	psi-mi:"MI:0326"(protein)	psi-mi:"MI:0319"(deoxyribonucleic acid)	-	-	-	-	-	figure legend:5C	taxid:-1(in vitro)|taxid:-1(In vitro)	-	-	-	-	-	-	-	-	32p radiolabel:?-?	0	0	psi-mi:"MI:0421"(identification by antibody)	psi-mi:"MI:0833"(autoradiography)
uniprotkb:Q8IUR6	entrez:9709	-	-	uniprotkb:CRERF_HUMAN	entrez:HERPUD1	psi-mi:"MI:0413"(electrophoretic mobility shift assay)	-	pubmed:16940180	taxid:9606(human)	taxid:9606(human)	psi-mi:"MI:0915"(physical association)	psi-mi:"MI:1264"(ntnu)	-	-	-	psi-mi:"MI:0499"(unspecified role)	psi-mi:"MI:0499"(unspecified role)	psi-mi:"MI:0498"(prey)	psi-mi:"MI:0496"(bait)	psi-mi:"MI:0326"(protein)	psi-mi:"MI:0319"(deoxyribonucleic acid)	-	-	-	-	-	figure legend:3B	taxid:-1(in vitro)|taxid:-1(In vitro)	-	-	-	-	-	-	-	glutathione s tranferase tag:?-?	32p radiolabel:?-?	0	0	psi-mi:"MI:0833"(autoradiography)	psi-mi:"MI:0833"(autoradiography)
uniprotkb:Q7Z401	entrez:4609	-	-	uniprotkb:MYCPP_HUMAN	entrez:MYC	psi-mi:"MI:0606"(DNase I footprinting)	-	pubmed:8056341	taxid:9606(human)	taxid:9606(human)	psi-mi:"MI:0914"(association)	psi-mi:"MI:1264"(ntnu)	-	-	-	psi-mi:"MI:0499"(unspecified role)	psi-mi:"MI:0499"(unspecified role)	psi-mi:"MI:0496"(bait)	psi-mi:"MI:0498"(prey)	psi-mi:"MI:0326"(protein)	psi-mi:"MI:0250"(gene)	-	-	-	-	-	figure legend:3A	taxid:-1(in vitro)|taxid:-1(In vitro)	-	-	-	-	-	-	-	-	-	0	0	-	-
uniprotkb:P31249	entrez:7270	-	-	uniprotkb:HXD3_HUMAN	entrez:TTF1	psi-mi:"MI:0413"(electrophoretic mobility shift assay)	-	pubmed:7913891	taxid:9606(human)	taxid:9606(human)	psi-mi:"MI:0915"(physical association)	psi-mi:"MI:1264"(ntnu)	-	-	-	psi-mi:"MI:0499"(unspecified role)	psi-mi:"MI:0499"(unspecified role)	psi-mi:"MI:0498"(prey)	psi-mi:"MI:0496"(bait)	psi-mi:"MI:0326"(protein)	psi-mi:"MI:0319"(deoxyribonucleic acid)	-	-	-	-	-	figure legend:3B	taxid:-1(in vitro)|taxid:-1(In vitro)	-	-	-	-	-	-	-	-	32p radiolabel:?-?	0	0	psi-mi:"MI:0833"(autoradiography)	psi-mi:"MI:0833"(autoradiography)
uniprotkb:Q99941	entrez:3309	-	-	uniprotkb:ATF6B_HUMAN	entrez:HSPA5	psi-mi:"MI:0413"(electrophoretic mobility shift assay)	-	pubmed:11256944	taxid:9606(human)	taxid:9606(human)	psi-mi:"MI:0407"(direct interaction)	psi-mi:"MI:1264"(ntnu)	-	-	-	psi-mi:"MI:0499"(unspecified role)	psi-mi:"MI:0499"(unspecified role)	psi-mi:"MI:0498"(prey)	psi-mi:"MI:0496"(bait)	psi-mi:"MI:0326"(protein)	psi-mi:"MI:0319"(deoxyribonucleic acid)	-	-	-	-	-	figure legend:7B	taxid:-1(in vitro)|taxid:-1(In vitro)	-	-	-	-	-	-	-	-	32p radiolabel:?-?	0	0	psi-mi:"MI:0833"(autoradiography)	psi-mi:"MI:0833"(autoradiography)
uniprotkb:P10754	entrez:360463	-	-	uniprotkb:ZFP13_MOUSE	entrez:Mpv17l	psi-mi:"MI:0004"(affinity chromatography technology)	-	pubmed:20231359	taxid:10090(mouse)	taxid:10116(rat)	psi-mi:"MI:0915"(physical association)	psi-mi:"MI:1264"(ntnu)	-	-	-	psi-mi:"MI:0499"(unspecified role)	psi-mi:"MI:0499"(unspecified role)	psi-mi:"MI:0498"(prey)	psi-mi:"MI:0496"(bait)	psi-mi:"MI:0326"(protein)	psi-mi:"MI:0250"(gene)	-	-	-	-	-	figure legend:6	taxid:-1(in vitro)|taxid:-1(In vitro)	-	-	-	-	-	-	-	-	-	0	0	-	-
uniprotkb:Q08050	entrez:7422	-	-	uniprotkb:FOXM1_HUMAN	entrez:VEGFA	psi-mi:"MI:0096"(pull down)	-	pubmed:21860419	taxid:9606(human)	taxid:9606(human)	psi-mi:"MI:0915"(physical association)	psi-mi:"MI:1264"(ntnu)	-	-	-	psi-mi:"MI:0499"(unspecified role)	psi-mi:"MI:0499"(unspecified role)	psi-mi:"MI:0498"(prey)	psi-mi:"MI:0496"(bait)	psi-mi:"MI:0326"(protein)	psi-mi:"MI:0250"(gene)	-	-	-	-	-	figure legend:4C	taxid:-1(in vitro)|taxid:-1(In vitro)	-	-	-	-	-	-	-	-	-	0	0	-	-
uniprotkb:Q3UNW5	entrez:15122	-	-	uniprotkb:TF2L1_MOUSE	entrez:Hba-a1	psi-mi:"MI:0412"(electrophoretic mobility supershift assay)	-	pubmed:20661472	taxid:10090(mouse)	taxid:10090(mouse)	psi-mi:"MI:0915"(physical association)	psi-mi:"MI:1264"(ntnu)	-	-	-	psi-mi:"MI:0499"(unspecified role)	psi-mi:"MI:0499"(unspecified role)	psi-mi:"MI:0498"(prey)	psi-mi:"MI:0496"(bait)	psi-mi:"MI:0326"(protein)	psi-mi:"MI:0319"(deoxyribonucleic acid)	-	-	-	-	-	figure legend:4A	taxid:-1(in vitro)|taxid:-1(In vitro)	-	-	-	-	-	-	-	-	32p radiolabel:?-?	0	0	psi-mi:"MI:0421"(identification by antibody)	psi-mi:"MI:0833"(autoradiography)
uniprotkb:Q8VI24	entrez:15891	-	-	uniprotkb:SATB2_MOUSE	entrez:Ibsp	psi-mi:"MI:0413"(electrophoretic mobility shift assay)	-	pubmed:16751105	taxid:10090(mouse)	taxid:10090(mouse)	psi-mi:"MI:0915"(physical association)	psi-mi:"MI:1264"(ntnu)	-	-	-	psi-mi:"MI:0499"(unspecified role)	psi-mi:"MI:0499"(unspecified role)	psi-mi:"MI:0498"(prey)	psi-mi:"MI:0496"(bait)	psi-mi:"MI:0326"(protein)	psi-mi:"MI:0319"(deoxyribonucleic acid)	-	-	-	-	-	figure legend:5D	taxid:-1(in vitro)|taxid:-1(In vitro)	-	-	-	-	-	-	-	his tag:?-?	32p radiolabel:?-?	0	0	psi-mi:"MI:0833"(autoradiography)	psi-mi:"MI:0833"(autoradiography)
uniprotkb:Q80Z36	entrez:25697	-	-	uniprotkb:ZHX3_RAT	entrez:Ctsl1	psi-mi:"MI:0606"(DNase I footprinting)	-	pubmed:17056598	taxid:10116(rat)	taxid:10116(rat)	psi-mi:"MI:0914"(association)	psi-mi:"MI:1264"(ntnu)	-	-	-	psi-mi:"MI:0499"(unspecified role)	psi-mi:"MI:0499"(unspecified role)	psi-mi:"MI:0496"(bait)	psi-mi:"MI:0498"(prey)	psi-mi:"MI:0326"(protein)	psi-mi:"MI:0250"(gene)	-	-	-	-	-	figure legend:6F	taxid:-1(in vitro)|taxid:-1(In vitro)	-	-	-	-	-	-	-	his tag:?-?	-	0	0	-	-
uniprotkb:Q9H9S0	entrez:648	-	-	uniprotkb:NANOG_HUMAN	entrez:BMI1	psi-mi:"MI:0413"(electrophoretic mobility shift assay)	-	pubmed:23708658	taxid:9606(human)	taxid:9606(human)	psi-mi:"MI:0915"(physical association)	psi-mi:"MI:1264"(ntnu)	-	-	-	psi-mi:"MI:0499"(unspecified role)	psi-mi:"MI:0499"(unspecified role)	psi-mi:"MI:0498"(prey)	psi-mi:"MI:0496"(bait)	psi-mi:"MI:0326"(protein)	psi-mi:"MI:0319"(deoxyribonucleic acid)	-	-	-	-	-	figure legend:3E	taxid:-1(in vitro)|taxid:-1(In vitro)	-	-	-	-	-	-	-	tag:?-?	32p radiolabel:?-?	0	0	psi-mi:"MI:0833"(autoradiography)	psi-mi:"MI:0833"(autoradiography)
uniprotkb:Q02395	entrez:17748	-	-	uniprotkb:MTF2_MOUSE	entrez:Mt1	psi-mi:"MI:0413"(electrophoretic mobility shift assay)	-	pubmed:7772254	taxid:10090(mouse)	taxid:10090(mouse)	psi-mi:"MI:0915"(physical association)	psi-mi:"MI:1264"(ntnu)	-	-	-	psi-mi:"MI:0499"(unspecified role)	psi-mi:"MI:0499"(unspecified role)	psi-mi:"MI:0498"(prey)	psi-mi:"MI:0496"(bait)	psi-mi:"MI:0326"(protein)	psi-mi:"MI:0319"(deoxyribonucleic acid)	-	-	-	-	-	figure legend:5	taxid:-1(in vitro)|taxid:-1(In vitro)	-	-	-	-	-	-	-	glutathione s tranferase tag:?-?	32p radiolabel:?-?	0	0	psi-mi:"MI:0833"(autoradiography)	psi-mi:"MI:0833"(autoradiography)
uniprotkb:P70327	entrez:13388	-	-	uniprotkb:TBX6_MOUSE	entrez:Dll1	psi-mi:"MI:0412"(electrophoretic mobility supershift assay)	-	pubmed:15986483	taxid:10090(mouse)	taxid:10090(mouse)	psi-mi:"MI:0407"(direct interaction)	psi-mi:"MI:1264"(ntnu)	-	-	-	psi-mi:"MI:0499"(unspecified role)	psi-mi:"MI:0499"(unspecified role)	psi-mi:"MI:0498"(prey)	psi-mi:"MI:0496"(bait)	psi-mi:"MI:0326"(protein)	psi-mi:"MI:0319"(deoxyribonucleic acid)	-	-	-	-	-	figure legend:4B	taxid:-1(in vitro)|taxid:-1(In vitro)	-	-	-	-	-	-	-	-	32p radiolabel:?-?	0	0	psi-mi:"MI:0421"(identification by antibody)	psi-mi:"MI:0833"(autoradiography)
uniprotkb:Q8BKT2	entrez:16848	-	-	uniprotkb:HES7_MOUSE	entrez:Lfng	psi-mi:"MI:0413"(electrophoretic mobility shift assay)	-	pubmed:16342160	taxid:10090(mouse)	taxid:10090(mouse)	psi-mi:"MI:0915"(physical association)	psi-mi:"MI:1264"(ntnu)	-	-	-	psi-mi:"MI:0499"(unspecified role)	psi-mi:"MI:0499"(unspecified role)	psi-mi:"MI:0498"(prey)	psi-mi:"MI:0496"(bait)	psi-mi:"MI:0326"(protein)	psi-mi:"MI:0319"(deoxyribonucleic acid)	-	-	-	-	-	figure legend:2A	taxid:-1(in vitro)|taxid:-1(In vitro)	-	-	-	-	-	-	-	glutathione s tranferase tag:?-?	32p radiolabel:?-?	0	0	psi-mi:"MI:0833"(autoradiography)	psi-mi:"MI:0833"(autoradiography)
uniprotkb:O75398	entrez:3350	-	-	uniprotkb:DEAF1_HUMAN	entrez:HTR1A	psi-mi:"MI:0413"(electrophoretic mobility shift assay)	-	pubmed:22232550	taxid:9606(human)	taxid:9606(human)	psi-mi:"MI:0915"(physical association)	psi-mi:"MI:1264"(ntnu)	-	-	-	psi-mi:"MI:0499"(unspecified role)	psi-mi:"MI:0499"(unspecified role)	psi-mi:"MI:0498"(prey)	psi-mi:"MI:0496"(bait)	psi-mi:"MI:0326"(protein)	psi-mi:"MI:0319"(deoxyribonucleic acid)	-	-	-	-	-	figure legend:1B	taxid:-1(in vitro)|taxid:-1(In vitro)	-	-	-	-	-	-	-	-	32p radiolabel:?-?	0	0	psi-mi:"MI:0833"(autoradiography)	psi-mi:"MI:0833"(autoradiography)
uniprotkb:O75398	entrez:10522	-	-	uniprotkb:DEAF1_HUMAN	entrez:DEAF1	psi-mi:"MI:0413"(electrophoretic mobility shift assay)	-	pubmed:24726472	taxid:9606(human)	taxid:9606(human)	psi-mi:"MI:0915"(physical association)	psi-mi:"MI:1264"(ntnu)	-	-	-	psi-mi:"MI:0499"(unspecified role)	psi-mi:"MI:0499"(unspecified role)	psi-mi:"MI:0498"(prey)	psi-mi:"MI:0496"(bait)	psi-mi:"MI:0326"(protein)	psi-mi:"MI:0319"(deoxyribonucleic acid)	-	-	-	-	-	figure legend:3A	taxid:-1(in vitro)|taxid:-1(In vitro)	-	-	-	-	-	-	-	flag tag:?-?	32p radiolabel:?-?	0	0	psi-mi:"MI:0833"(autoradiography)	psi-mi:"MI:0833"(autoradiography)
uniprotkb:P28359	entrez:19701	-	-	uniprotkb:HXD10_MOUSE	entrez:Ren1	psi-mi:"MI:0412"(electrophoretic mobility supershift assay)	-	pubmed:11432851	taxid:10090(mouse)	taxid:10090(mouse)	psi-mi:"MI:0407"(direct interaction)	psi-mi:"MI:1264"(ntnu)	-	-	-	psi-mi:"MI:0499"(unspecified role)	psi-mi:"MI:0499"(unspecified role)	psi-mi:"MI:0498"(prey)	psi-mi:"MI:0496"(bait)	psi-mi:"MI:0326"(protein)	psi-mi:"MI:0319"(deoxyribonucleic acid)	-	-	-	-	-	figure legend:4	taxid:-1(in vitro)|taxid:-1(In vitro)	-	-	-	-	-	-	-	myc tag:?-?	32p radiolabel:?-?	0	0	psi-mi:"MI:0421"(identification by antibody)	psi-mi:"MI:0833"(autoradiography)
uniprotkb:P36508	entrez:21454	-	-	uniprotkb:ZNF76_HUMAN	entrez:Tcp1	psi-mi:"MI:0413"(electrophoretic mobility shift assay)	-	pubmed:10893243	taxid:9606(human)	taxid:10090(mouse)	psi-mi:"MI:0915"(physical association)	psi-mi:"MI:1264"(ntnu)	-	-	-	psi-mi:"MI:0499"(unspecified role)	psi-mi:"MI:0499"(unspecified role)	psi-mi:"MI:0498"(prey)	psi-mi:"MI:0496"(bait)	psi-mi:"MI:0326"(protein)	psi-mi:"MI:0319"(deoxyribonucleic acid)	-	-	-	-	-	figure legend:5	taxid:-1(in vitro)|taxid:-1(In vitro)	-	-	-	-	-	-	-	glutathione s tranferase tag:?-?	32p radiolabel:?-?	0	0	psi-mi:"MI:0833"(autoradiography)	psi-mi:"MI:0833"(autoradiography)
uniprotkb:Q60674	entrez:24177	-	-	uniprotkb:NR1D2_MOUSE	entrez:Afp	psi-mi:"MI:0413"(electrophoretic mobility shift assay)	-	pubmed:11058961	taxid:10090(mouse)	taxid:10116(rat)	psi-mi:"MI:0407"(direct interaction)	psi-mi:"MI:1264"(ntnu)	-	-	-	psi-mi:"MI:0499"(unspecified role)	psi-mi:"MI:0499"(unspecified role)	psi-mi:"MI:0498"(prey)	psi-mi:"MI:0496"(bait)	psi-mi:"MI:0326"(protein)	psi-mi:"MI:0319"(deoxyribonucleic acid)	-	-	-	-	-	figure legend:3	taxid:-1(in vitro)|taxid:-1(In vitro)	-	-	-	-	-	-	-	-	32p radiolabel:?-?	0	0	psi-mi:"MI:0833"(autoradiography)	psi-mi:"MI:0833"(autoradiography)
uniprotkb:P40425	entrez:3207	-	-	uniprotkb:PBX2_HUMAN	entrez:HOXA11	psi-mi:"MI:0412"(electrophoretic mobility supershift assay)	-	pubmed:12054735	taxid:9606(human)	taxid:9606(human)	psi-mi:"MI:0915"(physical association)	psi-mi:"MI:1264"(ntnu)	-	-	-	psi-mi:"MI:0499"(unspecified role)	psi-mi:"MI:0499"(unspecified role)	psi-mi:"MI:0498"(prey)	psi-mi:"MI:0496"(bait)	psi-mi:"MI:0326"(protein)	psi-mi:"MI:0319"(deoxyribonucleic acid)	-	-	-	-	-	figure legend:4	taxid:-1(in vitro)|taxid:-1(In vitro)	-	-	-	-	-	-	-	-	32p radiolabel:?-?	0	0	psi-mi:"MI:0421"(identification by antibody)	psi-mi:"MI:0833"(autoradiography)
uniprotkb:O15062	entrez:1026	-	-	uniprotkb:ZBTB5_HUMAN	entrez:CDKN1A	psi-mi:"MI:0413"(electrophoretic mobility shift assay)	-	pubmed:19491398	taxid:9606(human)	taxid:9606(human)	psi-mi:"MI:0915"(physical association)	psi-mi:"MI:1264"(ntnu)	-	-	-	psi-mi:"MI:0499"(unspecified role)	psi-mi:"MI:0499"(unspecified role)	psi-mi:"MI:0498"(prey)	psi-mi:"MI:0496"(bait)	psi-mi:"MI:0326"(protein)	psi-mi:"MI:0319"(deoxyribonucleic acid)	-	-	-	-	-	figure legend:3D	taxid:-1(in vitro)|taxid:-1(In vitro)	-	-	-	-	-	-	-	glutathione s tranferase tag:?-?	32p radiolabel:?-?	0	0	psi-mi:"MI:0833"(autoradiography)	psi-mi:"MI:0833"(autoradiography)
uniprotkb:P97454	entrez:15901	-	-	uniprotkb:SMAD5_MOUSE	entrez:Id1	psi-mi:"MI:0413"(electrophoretic mobility shift assay)	-	pubmed:11729207	taxid:10090(mouse)	taxid:10090(mouse)	psi-mi:"MI:0915"(physical association)	psi-mi:"MI:1264"(ntnu)	-	-	-	psi-mi:"MI:0499"(unspecified role)	psi-mi:"MI:0499"(unspecified role)	psi-mi:"MI:0498"(prey)	psi-mi:"MI:0496"(bait)	psi-mi:"MI:0326"(protein)	psi-mi:"MI:0319"(deoxyribonucleic acid)	-	-	-	-	-	figure legend:6F	taxid:-1(in vitro)|taxid:-1(In vitro)	-	-	-	-	-	-	-	glutathione s tranferase tag:?-?	32p radiolabel:?-?	0	0	psi-mi:"MI:0833"(autoradiography)	psi-mi:"MI:0833"(autoradiography)
uniprotkb:Q9WTY8	entrez:2520	-	-	uniprotkb:ZBT10_RAT	entrez:GAST	psi-mi:"MI:0413"(electrophoretic mobility shift assay)	-	pubmed:10075714	taxid:10116(rat)	taxid:9606(human)	psi-mi:"MI:0915"(physical association)	psi-mi:"MI:1264"(ntnu)	-	-	-	psi-mi:"MI:0499"(unspecified role)	psi-mi:"MI:0499"(unspecified role)	psi-mi:"MI:0498"(prey)	psi-mi:"MI:0496"(bait)	psi-mi:"MI:0326"(protein)	psi-mi:"MI:0319"(deoxyribonucleic acid)	-	-	-	-	-	figure legend:4	taxid:-1(in vitro)|taxid:-1(In vitro)	-	-	-	-	-	-	-	glutathione s tranferase tag:?-?	32p radiolabel:?-?	0	0	psi-mi:"MI:0833"(autoradiography)	psi-mi:"MI:0833"(autoradiography)
uniprotkb:Q62424	entrez:12162	-	-	uniprotkb:HXA13_MOUSE	entrez:Bmp7	psi-mi:"MI:0413"(electrophoretic mobility shift assay)	-	pubmed:15342482	taxid:10090(mouse)	taxid:10090(mouse)	psi-mi:"MI:0915"(physical association)	psi-mi:"MI:1264"(ntnu)	-	-	-	psi-mi:"MI:0499"(unspecified role)	psi-mi:"MI:0499"(unspecified role)	psi-mi:"MI:0498"(prey)	psi-mi:"MI:0496"(bait)	psi-mi:"MI:0326"(protein)	psi-mi:"MI:0319"(deoxyribonucleic acid)	-	-	-	-	-	figure legend:2B	taxid:-1(in vitro)|taxid:-1(In vitro)	-	-	-	-	-	-	-	-	32p radiolabel:?-?	0	0	psi-mi:"MI:0833"(autoradiography)	psi-mi:"MI:0833"(autoradiography)
uniprotkb:Q62424	entrez:12156	-	-	uniprotkb:HXA13_MOUSE	entrez:Bmp2	psi-mi:"MI:0413"(electrophoretic mobility shift assay)	-	pubmed:15342482	taxid:10090(mouse)	taxid:10090(mouse)	psi-mi:"MI:0915"(physical association)	psi-mi:"MI:1264"(ntnu)	-	-	-	psi-mi:"MI:0499"(unspecified role)	psi-mi:"MI:0499"(unspecified role)	psi-mi:"MI:0498"(prey)	psi-mi:"MI:0496"(bait)	psi-mi:"MI:0326"(protein)	psi-mi:"MI:0319"(deoxyribonucleic acid)	-	-	-	-	-	figure legend:2B	taxid:-1(in vitro)|taxid:-1(In vitro)	-	-	-	-	-	-	-	-	32p radiolabel:?-?	0	0	psi-mi:"MI:0833"(autoradiography)	psi-mi:"MI:0833"(autoradiography)
uniprotkb:Q9Y467	entrez:1026	-	-	uniprotkb:SALL2_HUMAN	entrez:CDKN1A	psi-mi:"MI:0412"(electrophoretic mobility supershift assay)	-	pubmed:21362508	taxid:9606(human)	taxid:9606(human)	psi-mi:"MI:0915"(physical association)	psi-mi:"MI:1264"(ntnu)	-	-	-	psi-mi:"MI:0499"(unspecified role)	psi-mi:"MI:0499"(unspecified role)	psi-mi:"MI:0498"(prey)	psi-mi:"MI:0496"(bait)	psi-mi:"MI:0326"(protein)	psi-mi:"MI:0319"(deoxyribonucleic acid)	-	-	-	-	-	figure legend:5B	taxid:-1(in vitro)|taxid:-1(In vitro)	-	-	-	-	-	-	-	-	32p radiolabel:?-?	0	0	psi-mi:"MI:0421"(identification by antibody)	psi-mi:"MI:0833"(autoradiography)
uniprotkb:Q9ERA0	entrez:12159	-	-	uniprotkb:TFCP2_MOUSE	entrez:Bmp4	psi-mi:"MI:0413"(electrophoretic mobility shift assay)	-	pubmed:15232220	taxid:10090(mouse)	taxid:10090(mouse)	psi-mi:"MI:0915"(physical association)	psi-mi:"MI:1264"(ntnu)	-	-	-	psi-mi:"MI:0499"(unspecified role)	psi-mi:"MI:0499"(unspecified role)	psi-mi:"MI:0498"(prey)	psi-mi:"MI:0496"(bait)	psi-mi:"MI:0326"(protein)	psi-mi:"MI:0319"(deoxyribonucleic acid)	-	-	-	-	-	figure legend:2C	taxid:-1(in vitro)|taxid:-1(In vitro)	-	-	-	-	-	-	-	glutathione s tranferase tag:?-?	32p radiolabel:?-?	0	0	psi-mi:"MI:0833"(autoradiography)	psi-mi:"MI:0833"(autoradiography)
uniprotkb:Q13118	entrez:3681	-	-	uniprotkb:KLF10_HUMAN	entrez:ITGAD	psi-mi:"MI:0412"(electrophoretic mobility supershift assay)	-	pubmed:15087465	taxid:9606(human)	taxid:9606(human)	psi-mi:"MI:0915"(physical association)	psi-mi:"MI:1264"(ntnu)	-	-	-	psi-mi:"MI:0499"(unspecified role)	psi-mi:"MI:0499"(unspecified role)	psi-mi:"MI:0498"(prey)	psi-mi:"MI:0496"(bait)	psi-mi:"MI:0326"(protein)	psi-mi:"MI:0319"(deoxyribonucleic acid)	-	-	-	-	-	figure legend:6B	taxid:-1(in vitro)|taxid:-1(In vitro)	-	-	-	-	-	-	-	glutathione s tranferase tag:?-?	32p radiolabel:?-?	0	0	psi-mi:"MI:0421"(identification by antibody)	psi-mi:"MI:0833"(autoradiography)
uniprotkb:Q62661	entrez:653361	-	-	uniprotkb:HBP1_RAT	entrez:NCF1	psi-mi:"MI:0412"(electrophoretic mobility supershift assay)	-	pubmed:15024088	taxid:10116(rat)	taxid:9606(human)	psi-mi:"MI:0915"(physical association)	psi-mi:"MI:1264"(ntnu)	-	-	-	psi-mi:"MI:0499"(unspecified role)	psi-mi:"MI:0499"(unspecified role)	psi-mi:"MI:0498"(prey)	psi-mi:"MI:0496"(bait)	psi-mi:"MI:0326"(protein)	psi-mi:"MI:0319"(deoxyribonucleic acid)	-	-	-	-	-	figure legend:2B	taxid:-1(in vitro)|taxid:-1(In vitro)	-	-	-	-	-	-	-	-	32p radiolabel:?-?	0	0	psi-mi:"MI:0421"(identification by antibody)	psi-mi:"MI:0833"(autoradiography)
uniprotkb:Q32MZ4	entrez:1956	-	-	uniprotkb:LRRF1_HUMAN	entrez:EGFR	psi-mi:"MI:0413"(electrophoretic mobility shift assay)	-	pubmed:14522076	taxid:9606(human)	taxid:9606(human)	psi-mi:"MI:0915"(physical association)	psi-mi:"MI:1264"(ntnu)	-	-	-	psi-mi:"MI:0499"(unspecified role)	psi-mi:"MI:0499"(unspecified role)	psi-mi:"MI:0498"(prey)	psi-mi:"MI:0496"(bait)	psi-mi:"MI:0326"(protein)	psi-mi:"MI:0319"(deoxyribonucleic acid)	-	-	-	-	-	figure legend:6	taxid:-1(in vitro)|taxid:-1(In vitro)	-	-	-	-	-	-	-	his tag:?-?	32p radiolabel:?-?	0	0	psi-mi:"MI:0833"(autoradiography)	psi-mi:"MI:0833"(autoradiography)
uniprotkb:Q9EQJ4	entrez:4312	-	-	uniprotkb:ZN384_RAT	entrez:MMP1	psi-mi:"MI:0412"(electrophoretic mobility supershift assay)	-	pubmed:10669742	taxid:10116(rat)	taxid:9606(human)	psi-mi:"MI:0915"(physical association)	psi-mi:"MI:1264"(ntnu)	-	-	-	psi-mi:"MI:0499"(unspecified role)	psi-mi:"MI:0499"(unspecified role)	psi-mi:"MI:0498"(prey)	psi-mi:"MI:0496"(bait)	psi-mi:"MI:0326"(protein)	psi-mi:"MI:0319"(deoxyribonucleic acid)	-	-	-	-	-	figure legend:6C	taxid:-1(in vitro)|taxid:-1(In vitro)	-	-	-	-	-	-	-	-	32p radiolabel:?-?	0	0	psi-mi:"MI:0421"(identification by antibody)	psi-mi:"MI:0833"(autoradiography)
uniprotkb:Q15911	entrez:174	-	-	uniprotkb:ZFHX3_HUMAN	entrez:AFP	psi-mi:"MI:0413"(electrophoretic mobility shift assay)	-	pubmed:7507206	taxid:9606(human)	taxid:9606(human)	psi-mi:"MI:0407"(direct interaction)	psi-mi:"MI:1264"(ntnu)	-	-	-	psi-mi:"MI:0499"(unspecified role)	psi-mi:"MI:0499"(unspecified role)	psi-mi:"MI:0498"(prey)	psi-mi:"MI:0496"(bait)	psi-mi:"MI:0326"(protein)	psi-mi:"MI:0319"(deoxyribonucleic acid)	-	-	-	-	-	figure legend:2	taxid:-1(in vitro)|taxid:-1(In vitro)	-	-	-	-	-	-	-	-	32p radiolabel:?-?	0	0	psi-mi:"MI:0833"(autoradiography)	psi-mi:"MI:0833"(autoradiography)
uniprotkb:Q14119	entrez:1906	-	-	uniprotkb:VEZF1_HUMAN	entrez:EDN1	psi-mi:"MI:0413"(electrophoretic mobility shift assay)	-	pubmed:11504723	taxid:9606(human)	taxid:9606(human)	psi-mi:"MI:0915"(physical association)	psi-mi:"MI:1264"(ntnu)	-	-	-	psi-mi:"MI:0499"(unspecified role)	psi-mi:"MI:0499"(unspecified role)	psi-mi:"MI:0498"(prey)	psi-mi:"MI:0496"(bait)	psi-mi:"MI:0326"(protein)	psi-mi:"MI:0319"(deoxyribonucleic acid)	-	-	-	-	-	figure legend:6C	taxid:-1(in vitro)|taxid:-1(In vitro)	-	-	-	-	-	-	-	glutathione s tranferase tag:?-?	32p radiolabel:?-?	0	0	psi-mi:"MI:0833"(autoradiography)	psi-mi:"MI:0833"(autoradiography)
uniprotkb:Q9NZL3	entrez:226	-	-	uniprotkb:ZN224_HUMAN	entrez:ALDOA	psi-mi:"MI:0413"(electrophoretic mobility shift assay)	-	pubmed:12527367	taxid:9606(human)	taxid:9606(human)	psi-mi:"MI:0915"(physical association)	psi-mi:"MI:1264"(ntnu)	-	-	-	psi-mi:"MI:0499"(unspecified role)	psi-mi:"MI:0499"(unspecified role)	psi-mi:"MI:0498"(prey)	psi-mi:"MI:0496"(bait)	psi-mi:"MI:0326"(protein)	psi-mi:"MI:0319"(deoxyribonucleic acid)	-	-	-	-	-	figure legend:3D	taxid:-1(in vitro)|taxid:-1(In vitro)	-	-	-	-	-	-	-	glutathione s tranferase tag:?-?	32p radiolabel:?-?	0	0	psi-mi:"MI:0833"(autoradiography)	psi-mi:"MI:0833"(autoradiography)
uniprotkb:Q8N680	entrez:5970	-	-	uniprotkb:ZBTB2_HUMAN	entrez:RELA	psi-mi:"MI:0606"(DNase I footprinting)	-	pubmed:25609694	taxid:9606(human)	taxid:9606(human)	psi-mi:"MI:0914"(association)	psi-mi:"MI:1264"(ntnu)	-	-	-	psi-mi:"MI:0499"(unspecified role)	psi-mi:"MI:0499"(unspecified role)	psi-mi:"MI:0496"(bait)	psi-mi:"MI:0498"(prey)	psi-mi:"MI:0326"(protein)	psi-mi:"MI:0250"(gene)	-	-	-	-	-	figure legend:3A	taxid:-1(in vitro)|taxid:-1(In vitro)	-	-	-	-	-	-	-	-	-	0	0	-	-
uniprotkb:Q60756	entrez:16333	-	-	uniprotkb:TCF15_MOUSE	entrez:Ins1	psi-mi:"MI:0413"(electrophoretic mobility shift assay)	-	pubmed:18361414	taxid:10090(mouse)	taxid:10090(mouse)	psi-mi:"MI:0407"(direct interaction)	psi-mi:"MI:1264"(ntnu)	-	-	-	psi-mi:"MI:0499"(unspecified role)	psi-mi:"MI:0499"(unspecified role)	psi-mi:"MI:0498"(prey)	psi-mi:"MI:0496"(bait)	psi-mi:"MI:0326"(protein)	psi-mi:"MI:0319"(deoxyribonucleic acid)	-	-	-	-	-	figure legend:2B	taxid:-1(in vitro)|taxid:-1(In vitro)	-	-	-	-	-	-	-	-	32p radiolabel:?-?	0	0	psi-mi:"MI:0833"(autoradiography)	psi-mi:"MI:0833"(autoradiography)
uniprotkb:O96006	entrez:6194	-	-	uniprotkb:ZBED1_HUMAN	entrez:RPS6	psi-mi:"MI:0413"(electrophoretic mobility shift assay)	-	pubmed:17220279	taxid:9606(human)	taxid:9606(human)	psi-mi:"MI:0407"(direct interaction)	psi-mi:"MI:1264"(ntnu)	-	-	-	psi-mi:"MI:0499"(unspecified role)	psi-mi:"MI:0499"(unspecified role)	psi-mi:"MI:0498"(prey)	psi-mi:"MI:0496"(bait)	psi-mi:"MI:0326"(protein)	psi-mi:"MI:0319"(deoxyribonucleic acid)	-	-	-	-	-	figure legend:4	taxid:-1(in vitro)|taxid:-1(In vitro)	-	-	-	-	-	-	-	-	32p radiolabel:?-?	0	0	psi-mi:"MI:0833"(autoradiography)	psi-mi:"MI:0833"(autoradiography)
uniprotkb:Q9BU19	entrez:5105	-	-	uniprotkb:ZN692_HUMAN	entrez:PCK1	psi-mi:"MI:0413"(electrophoretic mobility shift assay)	-	pubmed:17097062	taxid:9606(human)	taxid:9606(human)	psi-mi:"MI:0915"(physical association)	psi-mi:"MI:1264"(ntnu)	-	-	-	psi-mi:"MI:0499"(unspecified role)	psi-mi:"MI:0499"(unspecified role)	psi-mi:"MI:0498"(prey)	psi-mi:"MI:0496"(bait)	psi-mi:"MI:0326"(protein)	psi-mi:"MI:0319"(deoxyribonucleic acid)	-	-	-	-	-	figure legend:3A	taxid:-1(in vitro)|taxid:-1(In vitro)	-	-	-	-	-	-	-	glutathione s tranferase tag:?-?	32p radiolabel:?-?	0	0	psi-mi:"MI:0833"(autoradiography)	psi-mi:"MI:0833"(autoradiography)
uniprotkb:Q8N7K0	entrez:240	-	-	uniprotkb:ZN433_HUMAN	entrez:ALOX5	psi-mi:"MI:0004"(affinity chromatography technology)	-	pubmed:17018618	taxid:9606(human)	taxid:9606(human)	psi-mi:"MI:0915"(physical association)	psi-mi:"MI:1264"(ntnu)	-	-	-	psi-mi:"MI:0499"(unspecified role)	psi-mi:"MI:0499"(unspecified role)	psi-mi:"MI:0498"(prey)	psi-mi:"MI:0496"(bait)	psi-mi:"MI:0326"(protein)	psi-mi:"MI:0250"(gene)	-	-	-	-	-	figure legend:4	taxid:-1(in vitro)|taxid:-1(In vitro)	-	-	-	-	-	-	-	-	-	0	0	-	-
uniprotkb:P62380	entrez:4763	-	-	uniprotkb:TBPL1_HUMAN	entrez:NF1	psi-mi:"MI:0413"(electrophoretic mobility shift assay)	-	pubmed:15767669	taxid:9606(human)	taxid:9606(human)	psi-mi:"MI:0915"(physical association)	psi-mi:"MI:1264"(ntnu)	-	-	-	psi-mi:"MI:0499"(unspecified role)	psi-mi:"MI:0499"(unspecified role)	psi-mi:"MI:0498"(prey)	psi-mi:"MI:0496"(bait)	psi-mi:"MI:0326"(protein)	psi-mi:"MI:0319"(deoxyribonucleic acid)	-	-	-	-	-	figure legend:6C	taxid:-1(in vitro)|taxid:-1(In vitro)	-	-	-	-	-	-	-	flag tag:?-?	32p radiolabel:?-?	0	0	psi-mi:"MI:0833"(autoradiography)	psi-mi:"MI:0833"(autoradiography)
uniprotkb:Q9UL49	entrez:914	-	-	uniprotkb:TCFL5_HUMAN	entrez:CD2	psi-mi:"MI:0412"(electrophoretic mobility supershift assay)	-	pubmed:12923186	taxid:9606(human)	taxid:9606(human)	psi-mi:"MI:0407"(direct interaction)	psi-mi:"MI:1264"(ntnu)	-	-	-	psi-mi:"MI:0499"(unspecified role)	psi-mi:"MI:0499"(unspecified role)	psi-mi:"MI:0498"(prey)	psi-mi:"MI:0496"(bait)	psi-mi:"MI:0326"(protein)	psi-mi:"MI:0319"(deoxyribonucleic acid)	-	-	-	-	-	figure legend:5	taxid:-1(in vitro)|taxid:-1(In vitro)	-	-	-	-	-	-	-	-	32p radiolabel:?-?	0	0	psi-mi:"MI:0421"(identification by antibody)	psi-mi:"MI:0833"(autoradiography)
uniprotkb:Q9WUH2	entrez:12640	-	-	uniprotkb:LHX9_MOUSE	entrez:Cga	psi-mi:"MI:0413"(electrophoretic mobility shift assay)	-	pubmed:15585134	taxid:10090(mouse)	taxid:10090(mouse)	psi-mi:"MI:0915"(physical association)	psi-mi:"MI:1264"(ntnu)	-	-	-	psi-mi:"MI:0499"(unspecified role)	psi-mi:"MI:0499"(unspecified role)	psi-mi:"MI:0498"(prey)	psi-mi:"MI:0496"(bait)	psi-mi:"MI:0326"(protein)	psi-mi:"MI:0319"(deoxyribonucleic acid)	-	-	-	-	-	figure legend:1B	taxid:-1(in vitro)|taxid:-1(In vitro)	-	-	-	-	-	-	-	glutathione s tranferase tag:?-?	32p radiolabel:?-?	0	0	psi-mi:"MI:0833"(autoradiography)	psi-mi:"MI:0833"(autoradiography)
uniprotkb:Q8K2R5	entrez:3592	-	-	uniprotkb:ZN668_MOUSE	entrez:IL12A	psi-mi:"MI:0412"(electrophoretic mobility supershift assay)	-	pubmed:15539151	taxid:10090(mouse)	taxid:9606(human)	psi-mi:"MI:0407"(direct interaction)	psi-mi:"MI:1264"(ntnu)	-	-	-	psi-mi:"MI:0499"(unspecified role)	psi-mi:"MI:0499"(unspecified role)	psi-mi:"MI:0498"(prey)	psi-mi:"MI:0496"(bait)	psi-mi:"MI:0326"(protein)	psi-mi:"MI:0319"(deoxyribonucleic acid)	-	-	-	-	-	figure legend:5C	taxid:-1(in vitro)|taxid:-1(In vitro)	-	-	-	-	-	-	-	-	32p radiolabel:?-?	0	0	psi-mi:"MI:0421"(identification by antibody)	psi-mi:"MI:0833"(autoradiography)
uniprotkb:Q64221	entrez:17984	-	-	uniprotkb:HEN2_MOUSE	entrez:Ndn	psi-mi:"MI:0412"(electrophoretic mobility supershift assay)	-	pubmed:15470499	taxid:10090(mouse)	taxid:10090(mouse)	psi-mi:"MI:0407"(direct interaction)	psi-mi:"MI:1264"(ntnu)	-	-	-	psi-mi:"MI:0499"(unspecified role)	psi-mi:"MI:0499"(unspecified role)	psi-mi:"MI:0498"(prey)	psi-mi:"MI:0496"(bait)	psi-mi:"MI:0326"(protein)	psi-mi:"MI:0319"(deoxyribonucleic acid)	-	-	-	-	-	figure legend:6A	taxid:-1(in vitro)|taxid:-1(In vitro)	-	-	-	-	-	-	-	-	32p radiolabel:?-?	0	0	psi-mi:"MI:0421"(identification by antibody)	psi-mi:"MI:0833"(autoradiography)
uniprotkb:P09017	entrez:3492	-	-	uniprotkb:HXC4_HUMAN	entrez:IGH	psi-mi:"MI:0413"(electrophoretic mobility shift assay)	-	pubmed:15252056	taxid:9606(human)	taxid:9606(human)	psi-mi:"MI:0407"(direct interaction)	psi-mi:"MI:1264"(ntnu)	-	-	-	psi-mi:"MI:0499"(unspecified role)	psi-mi:"MI:0499"(unspecified role)	psi-mi:"MI:0498"(prey)	psi-mi:"MI:0496"(bait)	psi-mi:"MI:0326"(protein)	psi-mi:"MI:0319"(deoxyribonucleic acid)	-	-	-	-	-	figure legend:7D	taxid:-1(in vitro)|taxid:-1(In vitro)	-	-	-	-	-	-	-	glutathione s tranferase tag:?-?	32p radiolabel:?-?	0	0	psi-mi:"MI:0833"(autoradiography)	psi-mi:"MI:0833"(autoradiography)
uniprotkb:Q9UBX2	entrez:18740	-	-	uniprotkb:DUX4_HUMAN	entrez:Pitx1	psi-mi:"MI:0412"(electrophoretic mobility supershift assay)	-	pubmed:17984056	taxid:9606(human)	taxid:10090(mouse)	psi-mi:"MI:0915"(physical association)	psi-mi:"MI:1264"(ntnu)	-	-	-	psi-mi:"MI:0499"(unspecified role)	psi-mi:"MI:0499"(unspecified role)	psi-mi:"MI:0498"(prey)	psi-mi:"MI:0496"(bait)	psi-mi:"MI:0326"(protein)	psi-mi:"MI:0319"(deoxyribonucleic acid)	-	-	-	-	-	figure legend:2B	taxid:-1(in vitro)|taxid:-1(In vitro)	-	-	-	-	-	-	-	-	32p radiolabel:?-?	0	0	psi-mi:"MI:0421"(identification by antibody)	psi-mi:"MI:0833"(autoradiography)
uniprotkb:P04198	entrez:5747	-	-	uniprotkb:MYCN_HUMAN	entrez:PTK2	psi-mi:"MI:0412"(electrophoretic mobility supershift assay)	-	pubmed:17327229	taxid:9606(human)	taxid:9606(human)	psi-mi:"MI:0915"(physical association)	psi-mi:"MI:1264"(ntnu)	-	-	-	psi-mi:"MI:0499"(unspecified role)	psi-mi:"MI:0499"(unspecified role)	psi-mi:"MI:0498"(prey)	psi-mi:"MI:0496"(bait)	psi-mi:"MI:0326"(protein)	psi-mi:"MI:0319"(deoxyribonucleic acid)	-	-	-	-	-	figure legend:4B	taxid:-1(in vitro)|taxid:-1(In vitro)	-	-	-	-	-	-	-	-	32p radiolabel:?-?	0	0	psi-mi:"MI:0421"(identification by antibody)	psi-mi:"MI:0833"(autoradiography)
uniprotkb:O54790	entrez:17134	-	-	uniprotkb:MAFG_MOUSE	entrez:Mafg	psi-mi:"MI:0413"(electrophoretic mobility shift assay)	-	pubmed:15574414	taxid:10090(mouse)	taxid:10090(mouse)	psi-mi:"MI:0915"(physical association)	psi-mi:"MI:1264"(ntnu)	-	-	-	psi-mi:"MI:0499"(unspecified role)	psi-mi:"MI:0499"(unspecified role)	psi-mi:"MI:0498"(prey)	psi-mi:"MI:0496"(bait)	psi-mi:"MI:0326"(protein)	psi-mi:"MI:0319"(deoxyribonucleic acid)	-	-	-	-	-	figure legend:5A	taxid:-1(in vitro)|taxid:-1(In vitro)	-	-	-	-	-	-	-	his tag:?-?	32p radiolabel:?-?	0	0	psi-mi:"MI:0833"(autoradiography)	psi-mi:"MI:0833"(autoradiography)
uniprotkb:P62501	entrez:4880	-	-	uniprotkb:T22D1_RAT	entrez:NPPC	psi-mi:"MI:0413"(electrophoretic mobility shift assay)	-	pubmed:9022669	taxid:10116(rat)	taxid:9606(human)	psi-mi:"MI:0407"(direct interaction)	psi-mi:"MI:1264"(ntnu)	-	-	-	psi-mi:"MI:0499"(unspecified role)	psi-mi:"MI:0499"(unspecified role)	psi-mi:"MI:0498"(prey)	psi-mi:"MI:0496"(bait)	psi-mi:"MI:0326"(protein)	psi-mi:"MI:0319"(deoxyribonucleic acid)	-	-	-	-	-	figure legend:3	taxid:-1(in vitro)|taxid:-1(In vitro)	-	-	-	-	-	-	-	-	32p radiolabel:?-?	0	0	psi-mi:"MI:0833"(autoradiography)	psi-mi:"MI:0833"(autoradiography)
uniprotkb:Q08376	entrez:17869	-	-	uniprotkb:ZBT14_MOUSE	entrez:Myc	psi-mi:"MI:0413"(electrophoretic mobility shift assay)	-	pubmed:8367294	taxid:10090(mouse)	taxid:10090(mouse)	psi-mi:"MI:0915"(physical association)	psi-mi:"MI:1264"(ntnu)	-	-	-	psi-mi:"MI:0499"(unspecified role)	psi-mi:"MI:0499"(unspecified role)	psi-mi:"MI:0498"(prey)	psi-mi:"MI:0496"(bait)	psi-mi:"MI:0326"(protein)	psi-mi:"MI:0319"(deoxyribonucleic acid)	-	-	-	-	-	figure legend:6A	taxid:-1(in vitro)|taxid:-1(In vitro)	-	-	-	-	-	-	-	-	32p radiolabel:?-?	0	0	psi-mi:"MI:0833"(autoradiography)	psi-mi:"MI:0833"(autoradiography)
uniprotkb:Q9NVV9	entrez:6240	-	-	uniprotkb:THAP1_HUMAN	entrez:RRM1	psi-mi:"MI:0413"(electrophoretic mobility shift assay)	-	pubmed:17003378	taxid:9606(human)	taxid:9606(human)	psi-mi:"MI:0915"(physical association)	psi-mi:"MI:1264"(ntnu)	-	-	-	psi-mi:"MI:0499"(unspecified role)	psi-mi:"MI:0499"(unspecified role)	psi-mi:"MI:0498"(prey)	psi-mi:"MI:0496"(bait)	psi-mi:"MI:0326"(protein)	psi-mi:"MI:0319"(deoxyribonucleic acid)	-	-	-	-	-	figure legend:6C	taxid:-1(in vitro)|taxid:-1(In vitro)	-	-	-	-	-	-	-	his tag:?-?	32p radiolabel:?-?	0	0	psi-mi:"MI:0833"(autoradiography)	psi-mi:"MI:0833"(autoradiography)
uniprotkb:Q9Y6X8	entrez:890	-	-	uniprotkb:ZHX2_HUMAN	entrez:CCNA2	psi-mi:"MI:0402"(chromatin immunoprecipitation assay)	-	pubmed:22406477	taxid:9606(human)	taxid:9606(human)	psi-mi:"MI:0914"(association)	psi-mi:"MI:1264"(ntnu)	-	-	-	psi-mi:"MI:0499"(unspecified role)	psi-mi:"MI:0499"(unspecified role)	psi-mi:"MI:0496"(bait)	psi-mi:"MI:0498"(prey)	psi-mi:"MI:0326"(protein)	psi-mi:"MI:0250"(gene)	-	-	-	-	-	figure legend:3D	taxid:9606(Hep-G2 cell)	-	-	-	-	-	-	-	-	-	0	0	psi-mi:"MI:0421"(identification by antibody)	psi-mi:"MI:0088"(primer specific pcr)
uniprotkb:Q9WVG7	entrez:20682	-	-	uniprotkb:OSR1_MOUSE	entrez:Sox9	psi-mi:"MI:0402"(chromatin immunoprecipitation assay)	-	pubmed:24167250	taxid:10090(mouse)	taxid:10090(mouse)	psi-mi:"MI:0914"(association)	psi-mi:"MI:1264"(ntnu)	-	-	-	psi-mi:"MI:0499"(unspecified role)	psi-mi:"MI:0499"(unspecified role)	psi-mi:"MI:0496"(bait)	psi-mi:"MI:0498"(prey)	psi-mi:"MI:0326"(protein)	psi-mi:"MI:0250"(gene)	-	-	-	-	-	figure legend:5B	taxid:9606(tongue)	-	-	-	-	-	-	-	flag tag:?-?	-	0	0	psi-mi:"MI:0421"(identification by antibody)	psi-mi:"MI:0088"(primer specific pcr)
uniprotkb:Q96NM4	entrez:30009	-	-	uniprotkb:TOX2_HUMAN	entrez:TBX21	psi-mi:"MI:0096"(pull down)	-	pubmed:25352127	taxid:9606(human)	taxid:9606(human)	psi-mi:"MI:0915"(physical association)	psi-mi:"MI:1264"(ntnu)	-	-	-	psi-mi:"MI:0499"(unspecified role)	psi-mi:"MI:0499"(unspecified role)	psi-mi:"MI:0498"(prey)	psi-mi:"MI:0496"(bait)	psi-mi:"MI:0326"(protein)	psi-mi:"MI:0250"(gene)	-	-	-	-	-	figure legend:4D	taxid:-1(in vitro)|taxid:-1(In vitro)	-	-	-	-	-	-	-	-	-	0	0	-	-
uniprotkb:P14921	entrez:53313	-	-	uniprotkb:ETS1_HUMAN	entrez:Atp2a3	psi-mi:"MI:0096"(pull down)	-	pubmed:12119294	taxid:9606(human)	taxid:10090(mouse)	psi-mi:"MI:0915"(physical association)	psi-mi:"MI:1264"(ntnu)	-	-	-	psi-mi:"MI:0499"(unspecified role)	psi-mi:"MI:0499"(unspecified role)	psi-mi:"MI:0498"(prey)	psi-mi:"MI:0496"(bait)	psi-mi:"MI:0326"(protein)	psi-mi:"MI:0250"(gene)	-	-	-	-	-	figure legend:5	taxid:-1(in vitro)|taxid:-1(In vitro)	-	-	-	-	-	-	-	-	-	0	0	-	-
uniprotkb:P09630	entrez:596	-	-	uniprotkb:HXC6_HUMAN	entrez:BCL2	psi-mi:"MI:0402"(chromatin immunoprecipitation assay)	-	pubmed:22896703	taxid:9606(human)	taxid:9606(human)	psi-mi:"MI:0914"(association)	psi-mi:"MI:1264"(ntnu)	-	-	-	psi-mi:"MI:0499"(unspecified role)	psi-mi:"MI:0499"(unspecified role)	psi-mi:"MI:0496"(bait)	psi-mi:"MI:0498"(prey)	psi-mi:"MI:0326"(protein)	psi-mi:"MI:0250"(gene)	-	-	-	-	-	figure legend:3D	taxid:9606(FaDu cell)	-	-	-	-	-	-	-	-	-	0	0	psi-mi:"MI:0421"(identification by antibody)	psi-mi:"MI:0088"(primer specific pcr)
uniprotkb:P51449	entrez:50943	-	-	uniprotkb:RORG_HUMAN	entrez:FOXP3	psi-mi:"MI:0004"(affinity chromatography technology)	-	pubmed:20427770	taxid:9606(human)	taxid:9606(human)	psi-mi:"MI:0915"(physical association)	psi-mi:"MI:1264"(ntnu)	-	-	-	psi-mi:"MI:0499"(unspecified role)	psi-mi:"MI:0499"(unspecified role)	psi-mi:"MI:0498"(prey)	psi-mi:"MI:0496"(bait)	psi-mi:"MI:0326"(protein)	psi-mi:"MI:0250"(gene)	-	-	-	-	-	figure legend:4A	taxid:-1(in vitro)|taxid:-1(In vitro)	-	-	-	-	-	-	-	-	-	0	0	-	-
uniprotkb:A6NJ46	entrez:56287	-	-	uniprotkb:NKX63_HUMAN	entrez:GKN1	psi-mi:"MI:0402"(chromatin immunoprecipitation assay)	-	pubmed:26314965	taxid:9606(human)	taxid:9606(human)	psi-mi:"MI:0914"(association)	psi-mi:"MI:1264"(ntnu)	-	-	-	psi-mi:"MI:0499"(unspecified role)	psi-mi:"MI:0499"(unspecified role)	psi-mi:"MI:0496"(bait)	psi-mi:"MI:0498"(prey)	psi-mi:"MI:0326"(protein)	psi-mi:"MI:0250"(gene)	-	-	-	-	-	figure legend:6A	taxid:9606(AGS cell)	-	-	-	-	-	-	-	-	-	0	0	psi-mi:"MI:0421"(identification by antibody)	psi-mi:"MI:0088"(primer specific pcr)
uniprotkb:Q00577	entrez:3687	-	-	uniprotkb:PURA_HUMAN	entrez:ITGAX	psi-mi:"MI:0402"(chromatin immunoprecipitation assay)	-	pubmed:17641060	taxid:9606(human)	taxid:9606(human)	psi-mi:"MI:0914"(association)	psi-mi:"MI:1264"(ntnu)	-	-	-	psi-mi:"MI:0499"(unspecified role)	psi-mi:"MI:0499"(unspecified role)	psi-mi:"MI:0496"(bait)	psi-mi:"MI:0498"(prey)	psi-mi:"MI:0326"(protein)	psi-mi:"MI:0250"(gene)	-	-	-	-	-	figure legend:5	taxid:9606(U-937 cell)	-	-	-	-	-	-	-	-	-	0	0	psi-mi:"MI:0421"(identification by antibody)	psi-mi:"MI:0088"(primer specific pcr)
uniprotkb:Q9HCX3	entrez:1030	-	-	uniprotkb:ZN304_HUMAN	entrez:CDKN2B	psi-mi:"MI:0402"(chromatin immunoprecipitation assay)	-	pubmed:24623306	taxid:9606(human)	taxid:9606(human)	psi-mi:"MI:0914"(association)	psi-mi:"MI:1264"(ntnu)	-	-	-	psi-mi:"MI:0499"(unspecified role)	psi-mi:"MI:0499"(unspecified role)	psi-mi:"MI:0496"(bait)	psi-mi:"MI:0498"(prey)	psi-mi:"MI:0326"(protein)	psi-mi:"MI:0250"(gene)	-	-	-	-	-	figure legend:2D	taxid:9606(DLD-1 cell)	-	-	-	-	-	-	-	-	-	0	0	psi-mi:"MI:0421"(identification by antibody)	psi-mi:"MI:0088"(primer specific pcr)
uniprotkb:Q9HCX3	entrez:1029	-	-	uniprotkb:ZN304_HUMAN	entrez:CDKN2A	psi-mi:"MI:0402"(chromatin immunoprecipitation assay)	-	pubmed:24623306	taxid:9606(human)	taxid:9606(human)	psi-mi:"MI:0914"(association)	psi-mi:"MI:1264"(ntnu)	-	-	-	psi-mi:"MI:0499"(unspecified role)	psi-mi:"MI:0499"(unspecified role)	psi-mi:"MI:0496"(bait)	psi-mi:"MI:0498"(prey)	psi-mi:"MI:0326"(protein)	psi-mi:"MI:0250"(gene)	-	-	-	-	-	figure legend:2D	taxid:9606(DLD-1 cell)	-	-	-	-	-	-	-	-	-	0	0	psi-mi:"MI:0421"(identification by antibody)	psi-mi:"MI:0088"(primer specific pcr)
uniprotkb:Q13568	entrez:3439	-	-	uniprotkb:IRF5_HUMAN	entrez:IFNA1	psi-mi:"MI:0402"(chromatin immunoprecipitation assay)	-	pubmed:12600985	taxid:9606(human)	taxid:9606(human)	psi-mi:"MI:0914"(association)	psi-mi:"MI:1264"(ntnu)	-	-	-	psi-mi:"MI:0499"(unspecified role)	psi-mi:"MI:0499"(unspecified role)	psi-mi:"MI:0496"(bait)	psi-mi:"MI:0498"(prey)	psi-mi:"MI:0326"(protein)	psi-mi:"MI:0250"(gene)	-	-	-	-	-	figure legend:5A	-	-	-	-	-	-	-	-	-	-	0	0	psi-mi:"MI:0421"(identification by antibody)	psi-mi:"MI:0088"(primer specific pcr)
uniprotkb:P10166	entrez:20305	-	-	uniprotkb:MYCL1_MOUSE	entrez:Ccl6	psi-mi:"MI:0402"(chromatin immunoprecipitation assay)	-	pubmed:12782599	taxid:10090(mouse)	taxid:10090(mouse)	psi-mi:"MI:0914"(association)	psi-mi:"MI:1264"(ntnu)	-	-	-	psi-mi:"MI:0499"(unspecified role)	psi-mi:"MI:0499"(unspecified role)	psi-mi:"MI:0496"(bait)	psi-mi:"MI:0498"(prey)	psi-mi:"MI:0326"(protein)	psi-mi:"MI:0250"(gene)	-	-	-	-	-	figure legend:2C	taxid:10090(32D cell)	-	-	-	-	-	-	-	-	-	0	0	psi-mi:"MI:0421"(identification by antibody)	psi-mi:"MI:0088"(primer specific pcr)
uniprotkb:P31249	entrez:3690	-	-	uniprotkb:HXD3_HUMAN	entrez:ITGB3	psi-mi:"MI:0402"(chromatin immunoprecipitation assay)	-	pubmed:14610084	taxid:9606(human)	taxid:9606(human)	psi-mi:"MI:0914"(association)	psi-mi:"MI:1264"(ntnu)	-	-	-	psi-mi:"MI:0499"(unspecified role)	psi-mi:"MI:0499"(unspecified role)	psi-mi:"MI:0496"(bait)	psi-mi:"MI:0498"(prey)	psi-mi:"MI:0326"(protein)	psi-mi:"MI:0250"(gene)	-	-	-	-	-	figure legend:5B	taxid:9606(HMEC-1 cell)	-	-	-	-	-	-	-	ha tag:?-?	-	0	0	psi-mi:"MI:0421"(identification by antibody)	psi-mi:"MI:0088"(primer specific pcr)
uniprotkb:Q9Z1J1	entrez:71950	-	-	uniprotkb:TF7L1_MOUSE	entrez:Nanog	psi-mi:"MI:0402"(chromatin immunoprecipitation assay)	-	pubmed:16894029	taxid:10090(mouse)	taxid:10090(mouse)	psi-mi:"MI:0914"(association)	psi-mi:"MI:1264"(ntnu)	-	-	-	psi-mi:"MI:0499"(unspecified role)	psi-mi:"MI:0499"(unspecified role)	psi-mi:"MI:0496"(bait)	psi-mi:"MI:0498"(prey)	psi-mi:"MI:0326"(protein)	psi-mi:"MI:0250"(gene)	-	-	-	-	-	figure legend:7D	-	-	-	-	-	-	-	-	-	-	0	0	psi-mi:"MI:0421"(identification by antibody)	psi-mi:"MI:0088"(primer specific pcr)